dist,measure
0.00013205740005779314,0.0016914438171026823
0.00013491950636004425,0.0016103197886258329
0.00018002036501753914,0.0010245990532178244
0.00018107327653629285,0.0009410829781086727
0.00019474057235639014,0.0009400878411712348
0.0002125851065108479,0.0008874600782299209
0.00022142767388286973,0.0007304226803923008
0.00025637661641499836,0.0007104957001093347
0.0003754733938735937,0.000706495622560925
0.000382957685676998,0.0006616036618695614
0.0003852284577564716,0.0006390577663182619
0.0003941149996553342,0.0006308934712754801
0.00040815566127700163,0.0005348685241760121
0.0004718551873816712,0.00044771988559859236
0.0005186726495051967,0.0004047885730508525
0.0005855194544595194,0.00037613155381242174
0.0005874796807843919,2.0890751498082393e-05
0.0006413103137612028,2.0433246577770984e-05
0.0006461679401236051,1.9911975028292754e-05
0.00067492965307469,1.9781821559042113e-05
0.0006970855280899602,1.7975737320769692e-05
0.0007269162887594585,1.791364837700588e-05
0.0007364022289451953,1.725355401787105e-05
0.0007834420930498492,1.695654481132707e-05
0.0009412447243136449,1.6737620273052406e-05
0.0010104313670603873,1.6732170327197034e-05
0.0010630144430835307,1.65523611505019e-05
0.00106348304869575,1.646624404088842e-05
0.0010866733708701855,1.6441359580098994e-05
0.0010972288536547825,1.6383462611495195e-05
0.001109042334048247,1.6367380646997074e-05
0.0011422125087198168,1.6213720766279908e-05
0.0012099222532597099,1.614220883835119e-05
0.001217268429571338,1.6090162550378475e-05
0.0012559675334336694,1.6068647261186796e-05
0.0012859839522878192,1.599818945238565e-05
0.0013005646587844744,1.5895457095139943e-05
0.001300633540567538,1.585932050548324e-05
0.00130820019583109,1.5823730399445482e-05
0.0013267056330964506,1.5821203680917875e-05
0.0014132828671379817,1.5721140377682186e-05
0.0014212341592292313,1.564651733422532e-05
0.0014385681241671487,1.561981762510876e-05
0.001449445663196155,1.5591148576791302e-05
0.0014545134503337646,1.5436033570649643e-05
0.001454770795844698,1.5428937876322593e-05
0.001528585739580175,1.5299550251923016e-05
0.0015388363461178846,1.5280577103014058e-05
0.0015719868561273186,1.5178422203917944e-05
0.0017454996474107654,1.5070134484418662e-05
0.0017489698873725732,1.5051696287077365e-05
0.0017710075201983486,1.493284944871731e-05
0.0018123493349583531,1.4927962086041535e-05
0.001896438848749943,1.4809358526794028e-05
0.001988418447899189,1.471864207993088e-05
0.0019916614231579423,1.470164797813313e-05
0.0020087558374758674,1.4663539954580459e-05
0.00204329669140814,1.4624477091169296e-05
0.0020490082118716567,1.458829037404157e-05
0.002129533614434497,1.4552476254534696e-05
0.002164110968275534,1.446480815856709e-05
0.002184034692439304,1.4459260575620944e-05
0.0021925508095203407,1.4438430427919164e-05
0.00221511639653366,1.4390364795151095e-05
0.0022901030514417674,1.4352951091085997e-05
0.0022923570198088703,1.4342175296080373e-05
0.002320006417564049,1.4118358549730956e-05
0.002336594763294947,1.4079044808092587e-05
0.0024001879688188435,1.4013592198548743e-05
0.0024045296845562718,1.3850107636706485e-05
0.0025025979033266614,1.384215448300934e-05
0.0025657731208490555,1.37905132290042e-05
0.0025901881824068793,1.3771185369380445e-05
0.002595685756299969,1.3766694291517729e-05
0.002710423440700667,1.3716797152722015e-05
0.002723018905286437,1.3674733035531767e-05
0.002726033814915117,1.3660519522099306e-05
0.0027811616789679464,1.3645263306841031e-05
0.002788344661558761,1.3599074986067197e-05
0.0027929981424819087,1.3596678496379443e-05
0.0029295474518505004,1.3592639048035016e-05
0.0029495206555341046,1.355070295894522e-05
0.0029613791503757085,1.349097429782348e-05
0.0029821322387929674,1.3487457953817234e-05
0.0029968147208887788,1.3474920925783643e-05
0.003041353583945301,1.3463199364456961e-05
0.003055374705895664,1.3391278724010493e-05
0.0030603609241924494,1.337515718130898e-05
0.0030641567703243266,1.3347071043991322e-05
0.003083083641607215,1.3342737576554337e-05
0.0031935786077477053,1.3338029860850985e-05
0.003248128860547363,1.332427496168518e-05
0.003271459264478469,1.3310813483210028e-05
0.0034103448258145943,1.329905037513338e-05
0.0034657628500997075,1.329509442863074e-05
0.0034668756850144465,1.3291743020138233e-05
0.003470751416309467,1.3282214554463964e-05
0.0035075767014959005,1.328015662730967e-05
0.0035178325516054603,1.3276415807651599e-05
0.00361228655944578,1.3267391312620721e-05
0.00366593497902009,1.3244320464807833e-05
0.0037013621128074744,1.323748536903713e-05
0.0037218616248055367,1.3234213116084929e-05
0.0037797287725100733,1.3164137062543984e-05
0.0037912801207119614,1.315475062768197e-05
0.003793104201645226,1.313762494699965e-05
0.0038142557650759773,1.3071041989216163e-05
0.003848355454858257,1.306710118809153e-05
0.0038754198588719785,1.3061240269140036e-05
0.0038856005040749596,1.3058780911302229e-05
0.003908269636859187,1.3051807576786787e-05
0.003974534495307162,1.3038833376449688e-05
0.0040376521656846,1.3037775007054162e-05
0.004052313256207592,1.3030703088122101e-05
0.004057849069666883,1.3008257000555784e-05
0.004071112576503576,1.2975823448017381e-05
0.004078995121598787,1.2960726516004457e-05
0.00414078286046999,1.2934916614127846e-05
0.004159970067659371,1.291308034214001e-05
0.0041692082964465355,1.2902924632798022e-05
0.004204824467862047,1.2886161248608302e-05
0.004287481810917223,1.2869904967276519e-05
0.004294490014082397,1.2867797297054591e-05
0.004329728131205221,1.2846582174520272e-05
0.004342696111517029,1.2807169208783993e-05
0.004523592250654338,1.2794025329926478e-05
0.004526794576162755,1.2782605443673681e-05
0.004542485716436559,1.2777668946144588e-05
0.004562158862574066,1.2775216895891876e-05
0.004590581154614896,1.2717257273105887e-05
0.004592199916622085,1.2676319444742836e-05
0.004601577724092424,1.2654220997766502e-05
0.004684953279708023,1.2632648655491406e-05
0.004696105380632659,1.2595714215345232e-05
0.004775813459482559,1.258050853731499e-05
0.0047857736979972495,1.2578084568639926e-05
0.004794589332214193,1.2572889526335636e-05
0.004971245312298705,1.2501952812055123e-05
0.005011089607423727,1.2500869052568536e-05
0.005019310581069663,1.246111732928906e-05
0.005089992297549981,1.2450577135703595e-05
0.005170636105382715,1.2438080655457836e-05
0.005205115065929956,1.2358653285550508e-05
0.005220632042543634,1.2305944816248394e-05
0.00528482885729746,1.2302390129391905e-05
0.005285090575378378,1.2292562573479448e-05
0.005333050799266391,1.227386823546798e-05
0.005364388031381258,1.22654700939208e-05
0.005412496847834602,1.2227130052427064e-05
0.0054305700614357124,1.2205521292571466e-05
0.005443783988069051,1.2190063543541992e-05
0.005479834123126695,1.2176529298789522e-05
0.005550685094596548,1.2163066839276742e-05
0.005643634457974718,1.213773905313838e-05
0.005672544900698531,1.2135239685770754e-05
0.005695563738761556,1.2110144499176546e-05
0.005731149066735701,1.2106351516677134e-05
0.005877690530897999,1.2074908508405462e-05
0.005906313414567929,1.2063745582993178e-05
0.005946674098955911,1.2022478368870055e-05
0.005951161685358538,1.201967696618064e-05
0.00598815143849319,1.1975386819435002e-05
0.006048535870258451,1.1970273040624057e-05
0.006062987015405608,1.1927890524553061e-05
0.006066800751914292,1.1922752701139192e-05
0.006081369961193848,1.1905952800853525e-05
0.00614640247589735,1.18973607891059e-05
0.006163097267683549,1.1885455376676848e-05
0.00617495342678688,1.188495195968571e-05
0.006188529606527318,1.1878122265180816e-05
0.006227294734406776,1.1852932508388813e-05
0.006234283526991147,1.185042402139922e-05
0.006303120100894125,1.1759689564420217e-05
0.00632551958105162,1.1716294589629003e-05
0.006376068316849395,1.1709394904287193e-05
0.006392361110387027,1.1706532484602128e-05
0.006477513277567916,1.1706497946713442e-05
0.006500699848870157,1.1689595080988342e-05
0.006561896746207807,1.1671471896012262e-05
0.006571876649385826,1.1659079026889221e-05
0.006596997294208497,1.1656344036704083e-05
0.006628638939455481,1.1642312094290532e-05
0.006673534203857695,1.1628859201568164e-05
0.006681077163039807,1.1615604462338525e-05
0.006705672328560693,1.160879368685846e-05
0.006738090968348772,1.1606825377710538e-05
0.00673915105779035,1.1590569780684291e-05
0.006746420374638701,1.1575707871913458e-05
0.006884087038172871,1.1567281565463862e-05
0.00694052924986714,1.1559162752349851e-05
0.006956835558464176,1.1552970274995332e-05
0.006965433837429392,1.1547872129368237e-05
0.006994166947881278,1.1545581586469578e-05
0.007028336009164747,1.1528673470979627e-05
0.007103892206234575,1.1512853434582172e-05
0.007114443050720547,1.1489731578393323e-05
0.007116498364100397,1.1469070011923701e-05
0.007127444120742599,1.1467877104436404e-05
0.007166723096709397,1.1457546066229197e-05
0.007175301567675299,1.1454296254788402e-05
0.007194372795327043,1.1447695528688018e-05
0.007195293147977127,1.1419410894488278e-05
0.007351240329186157,1.1382594911226303e-05
0.007369419438680844,1.1356870019601378e-05
0.007397311223770427,1.135105601377569e-05
0.007439889752471366,1.135079824694427e-05
0.007453372773187843,1.1347348810507052e-05
0.007504577299159838,1.1314099552138231e-05
0.0075353515566464946,1.1310670186223092e-05
0.007567371092300935,1.1284760898131826e-05
0.00758742139323684,1.127195417372178e-05
0.007749197638104887,1.1256740688306672e-05
0.0077633159729856545,1.1253815011567998e-05
0.007797732257750008,1.1245892251212252e-05
0.007852009493802863,1.1226496421838231e-05
0.007974249275975434,1.120852119877931e-05
0.008035422760271036,1.119848806721086e-05
0.008116445058867598,1.119016083401694e-05
0.0081500531112236,1.1180425170866485e-05
0.008152822864102387,1.1177353606924325e-05
0.008228532402345327,1.1166067576357632e-05
0.008239744465709974,1.1165227280491598e-05
0.00824211815248414,1.114693979144968e-05
0.008323863284299834,1.113354139686199e-05
0.008332329611255634,1.1132882807745606e-05
0.00835739768901491,1.1132166323042813e-05
0.008400183219841878,1.11285386220339e-05
0.008477132688489488,1.112784328566329e-05
0.00848582676442643,1.1113894040728489e-05
0.008525579445381582,1.11115623329959e-05
0.008540643621796924,1.1105841932338955e-05
0.008563609649433599,1.1097616904179874e-05
0.008614000232161708,1.1086980915593621e-05
0.008615986636798826,1.1085052622934081e-05
0.008664015752077783,1.10803943809835e-05
0.008696595171827914,1.1040089483263748e-05
0.008713491134117513,1.1023045171859205e-05
0.008737856727845578,1.1007574007790525e-05
0.00875874041556854,1.100651468773023e-05
0.008771598763780943,1.1000741719613864e-05
0.008862176689945916,1.1000038672472364e-05
0.008867599307154323,1.0987059742717846e-05
0.008883558381386004,1.0986551069689106e-05
0.008932672325187074,1.0983170218968728e-05
0.008975509509493423,1.097050277051887e-05
0.008992058417042335,1.0961695145282447e-05
0.009000467537957985,1.0959906061091433e-05
0.009001908849554404,1.094121141012429e-05
0.009056998540123738,1.093120994214994e-05
0.009180022107403926,1.0919813533979625e-05
0.009217309105862439,1.0900252933200554e-05
0.009273926312903557,1.0888729873553251e-05
0.009415747026088392,1.088659715215023e-05
0.009459501165831387,1.0874584688621778e-05
0.009680349271962896,1.0869293396512355e-05
0.009707375541824253,1.0865200171496066e-05
0.009708819738771149,1.0853810177554365e-05
0.009771619423174524,1.083952607392657e-05
0.009787862365474315,1.0824736173534808e-05
0.00980190277322296,1.0820552604726912e-05
0.009808363788740265,1.081916821519962e-05
0.009826312632781683,1.0813021198180387e-05
0.009923901177074696,1.0809300299030406e-05
0.010031509482850665,1.0805573797916822e-05
0.010047808994178608,1.0804967973495609e-05
0.010076279704891665,1.0803764449152218e-05
0.010110039537395267,1.0790280496326553e-05
0.01015046046316765,1.0786926362306156e-05
0.01016439073726993,1.0772593284661072e-05
0.010201442798630257,1.076365250993599e-05
0.010207762078764225,1.0753104991176315e-05
0.01023772378737562,1.0748356740925838e-05
0.010239842284360175,1.0743827076918168e-05
0.010280243729614908,1.0740788894687632e-05
0.010345459599476782,1.0737098830473447e-05
0.01035310220817222,1.0726708223216287e-05
0.010360904732298146,1.069616961446457e-05
0.010470429106314983,1.0688979199018315e-05
0.010505644280179815,1.0682520637413934e-05
0.010513577864895863,1.0679888818199097e-05
0.010538777892830063,1.0677365155350113e-05
0.010556108268256469,1.066802266567718e-05
0.01061453893214908,1.0666866198633027e-05
0.010627667280006707,1.0652296359140559e-05
0.010631621733453342,1.0650942869687882e-05
0.01067199634967044,1.0647835900295405e-05
0.010737673423081448,1.0644209025620472e-05
0.010797796660147461,1.0634611246767916e-05
0.010826682557229732,1.0625326214024285e-05
0.010831977874955224,1.0616811965218406e-05
0.010850158944284889,1.0602420106069555e-05
0.01086916351339344,1.0594508140077171e-05
0.011024833274000268,1.059100156320505e-05
0.011025056536003473,1.0590787319290155e-05
0.011041782099985872,1.0572119672516701e-05
0.011075532742469288,1.0571948078331463e-05
0.011297538456367807,1.0562022806902352e-05
0.0113317363428861,1.0540770682737628e-05
0.011335243495012047,1.0534774506374309e-05
0.011359622114026998,1.0522755641763292e-05
0.01149848298481735,1.0517687578934192e-05
0.011548932798919167,1.05151464071921e-05
0.011586410989988312,1.051315523484484e-05
0.011603919806953595,1.050832018711371e-05
0.011672974038692474,1.0507881276499148e-05
0.011696701097000262,1.050328554263593e-05
0.011748505799833393,1.050265995477419e-05
0.011781256103680804,1.0490697090636445e-05
0.011824460957341621,1.0485357109691719e-05
0.011835272932337736,1.047675894003686e-05
0.011837321229973927,1.0467259474606503e-05
0.011847767743966904,1.0466494896054282e-05
0.01185154770245397,1.0464918615410625e-05
0.011862257922399162,1.0457146858425369e-05
0.011890084544447595,1.0453324024636568e-05
0.011916014238265991,1.0448351329408857e-05
0.01201235050793789,1.0444192818507279e-05
0.012115214297092265,1.0442817656921506e-05
0.01213770974690347,1.0442227446928639e-05
0.012170587074840915,1.0440236497908857e-05
0.012218262273118544,1.0432616662881872e-05
0.012296021023123905,1.042452727291672e-05
0.012311820862773475,1.0419336803432438e-05
0.012380143556883872,1.0408565743367864e-05
0.012408730968042207,1.0404390411434832e-05
0.012409889385973575,1.0395615707910857e-05
0.012414947358428633,1.0371975005082374e-05
0.012463417697789084,1.0368119111495899e-05
0.012478776844099019,1.0364952671923841e-05
0.012526304289711788,1.036192720917206e-05
0.012553060171626497,1.036179169636071e-05
0.012614316705385308,1.036094436835851e-05
0.012675060935956571,1.0356096153459088e-05
0.01273413905064992,1.0353069764606465e-05
0.012742244527200004,1.0351718840545893e-05
0.012758412418244413,1.0325844617426392e-05
0.01286346145472953,1.0320941554869464e-05
0.013108469971758074,1.0313358337023914e-05
0.01313109869748856,1.0302533690785444e-05
0.013213643590218954,1.0295878515332249e-05
0.013228486187430399,1.0289937533159565e-05
0.013249048569727978,1.028409462803376e-05
0.013309479828552179,1.0279408495404243e-05
0.013336059189416593,1.025997552553281e-05
0.013350005407059636,1.0258536311435545e-05
0.013504814225127747,1.0236383952129534e-05
0.013556331259603904,1.0229305869064616e-05
0.013632231908241943,1.0228384704046786e-05
0.01363454696983595,1.0227314770971509e-05
0.01367286976332504,1.021874005528622e-05
0.013774858657761074,1.0217637761404747e-05
0.013791425746165126,1.0205902935575562e-05
0.013806416823959772,1.020295041454255e-05
0.013856006981435577,1.0198614728717267e-05
0.013901600066415411,1.0196381481022776e-05
0.013907982871165014,1.0196149648092998e-05
0.013916714643433673,1.0191741135612516e-05
0.013925902457970395,1.0190247986657431e-05
0.014043861486110873,1.0186506137007745e-05
0.014098758610939899,1.0180570430927175e-05
0.014107753247333642,1.0178222495256168e-05
0.014128593454654833,1.0176298781927893e-05
0.01418130457017225,1.0175360509142295e-05
0.014275949276762519,1.0172030601824006e-05
0.014336213233356715,1.0166905296732512e-05
0.01437997848120142,1.0141655557048658e-05
0.014471474711655831,1.0135081457470482e-05
0.014499132533354938,1.0124221351456077e-05
0.014520045126097121,1.0122121114905193e-05
0.014522424116529872,1.0120493127693102e-05
0.014542989074660121,1.0114970136985916e-05
0.014565657955359489,1.0107891083592795e-05
0.014648721788928018,1.0106885822860713e-05
0.014800986995324991,1.010286008040537e-05
0.014837815526122051,1.0092272133905677e-05
0.014940168810207015,1.0089657765003448e-05
0.014964827111647528,1.0087715925638268e-05
0.014995508803325435,1.0084535904928498e-05
0.015014441349650796,1.0082144683582034e-05
0.015025153092540959,1.0081879649740788e-05
0.015052813427653496,1.0080977497879704e-05
0.015108363544659999,1.0075054457898254e-05
0.015140447154900573,1.0069430517523759e-05
0.015167253755984215,1.0067196245687761e-05
0.015174269016917732,1.0066297663471169e-05
0.01517481147564841,1.0062490585981718e-05
0.015209509688517512,1.0061995192388368e-05
0.015250266464228257,1.0061542868486969e-05
0.015287166258001821,1.0056140281892656e-05
0.015333004683403659,1.005196707648712e-05
0.01533850770496589,1.0051324688107236e-05
0.01535582531551012,1.00449940132451e-05
0.015362472655165712,1.0040388638759123e-05
0.015512456019411508,1.003737037009634e-05
0.015530947756185,1.0024683062077997e-05
0.015562863018459588,1.0023835625494293e-05
0.015570406247731396,1.0008967911188896e-05
0.01559395796863209,9.995444334195636e-06
0.015618244357844526,9.989375991974457e-06
0.015645020799152275,9.988805177376228e-06
0.0156609330495356,9.982299367688378e-06
0.01574242106454239,9.974644604761354e-06
0.015752659231558108,9.971174501525226e-06
0.01575277695218367,9.964154328154119e-06
0.01580439025500524,9.959820420863087e-06
0.015818262198176683,9.95579095586581e-06
0.01582788181220975,9.954447157171128e-06
0.016122325115883605,9.95158412905796e-06
0.016131881657302893,9.947794029471287e-06
0.016179007825093166,9.946015787710585e-06
0.01618259280658062,9.944721483415619e-06
0.016252492042421393,9.937871288758193e-06
0.016283659257791894,9.932704319193365e-06
0.016296126570533736,9.932304638959467e-06
0.01630957961513485,9.925388952492012e-06
0.016513669384863667,9.92300531171239e-06
0.016524745387800892,9.92170541534932e-06
0.016563089193442147,9.910791503186189e-06
0.016586683602455837,9.909930077737748e-06
0.016609669950056825,9.907244745433582e-06
0.0166294594346855,9.905149583840896e-06
0.0167208710414092,9.904545524251135e-06
0.016742141475897532,9.901965939827596e-06
0.01680758426411202,9.89005357120771e-06
0.01682324565840704,9.88855655827246e-06
0.0168445556724051,9.872461939468666e-06
0.016950634917076105,9.868994205877172e-06
0.0169891746714139,9.868316784019658e-06
0.01701791047632832,9.867199288535992e-06
0.017056809337072314,9.864094379202715e-06
0.017100456670395503,9.859463579580146e-06
0.017160319817034118,9.857557676992497e-06
0.017231160302004174,9.85158770457542e-06
0.017231258134812934,9.847966156040298e-06
0.01743399552285925,9.84540375582668e-06
0.017466415862084837,9.844375220686882e-06
0.017478891254920387,9.84094084666527e-06
0.017507724658663498,9.8408136602036e-06
0.01757292214732903,9.838596738473903e-06
0.0176261021930927,9.828541246184459e-06
0.017633588012754383,9.827323298381455e-06
0.017751361210791676,9.825939878975363e-06
0.017808986121899226,9.823609831535087e-06
0.01784021522494452,9.814780361320718e-06
0.017870087825898825,9.812890138015408e-06
0.01788663747299981,9.805297305475921e-06
0.017902418934981058,9.804712151234459e-06
0.018044434680081486,9.800245176857535e-06
0.018078207811486145,9.796334855807984e-06
0.01809999623334162,9.772125542306591e-06
0.01814790670307596,9.76739186190402e-06
0.018174802025604828,9.762207653869384e-06
0.01819388022891854,9.759594620605144e-06
0.01820491773098554,9.74911868646894e-06
0.01840075033410695,9.744726076126493e-06
0.01852161263572989,9.736551959468089e-06
0.018578850485189695,9.736448951802727e-06
0.01863996732496497,9.733899720996807e-06
0.01864325302492851,9.732813931615926e-06
0.01874137465712908,9.73266119850155e-06
0.018762879569327633,9.730662471611566e-06
0.01886834181466163,9.724258972629876e-06
0.018874662907855545,9.722106746449856e-06
0.018875513979259656,9.719277269724963e-06
0.018940805481306316,9.712701805864563e-06
0.01896531741743393,9.711059829406516e-06
0.01898460502080315,9.708293729719608e-06
0.018996431916147152,9.70379013770802e-06
0.01901374866087963,9.702674448778576e-06
0.0190443250723359,9.701882696517375e-06
0.01906443941954649,9.698948584159285e-06
0.019227597269428066,9.691422115018689e-06
0.019238186461570064,9.685714617052748e-06
0.019279201918873733,9.684648171204005e-06
0.019290339314361474,9.683906129847266e-06
0.01930570895210803,9.677088841443072e-06
0.019328931486382674,9.669395851265299e-06
0.019349848076278507,9.666475183071389e-06
0.01937818801077517,9.656297291973234e-06
0.01940999276817511,9.65617752626314e-06
0.0194319184030194,9.654334730778608e-06
0.019473446354666288,9.646125314921618e-06
0.019485540219414618,9.643969992664123e-06
0.019581289456902334,9.643343073727473e-06
0.01958805727807506,9.635275250158954e-06
0.019595187714497284,9.632334192476762e-06
0.019750181194961802,9.629375103500394e-06
0.01977562653441437,9.62729762662673e-06
0.019942653073447104,9.619826449304397e-06
0.019949604137120484,9.617244752548723e-06
0.020048692843650545,9.616461003628215e-06
0.02005356804071621,9.613464270477478e-06
0.020076596187053465,9.591280813258221e-06
0.02009611711646439,9.590887089775736e-06
0.020123704479709865,9.584337993693707e-06
0.02012374412915878,9.584105443997589e-06
0.020159464297947696,9.582529096558422e-06
0.02016125550194836,9.567740984641406e-06
0.02022890497857624,9.56712323874133e-06
0.02041012876725284,9.563722811260288e-06
0.020413144217612363,9.562632649604368e-06
0.0204166380471421,9.555515355872419e-06
0.020417025121399607,9.552332140937869e-06
0.02045614493586856,9.551901882316185e-06
0.020528039088140704,9.545780908669327e-06
0.020579313528925773,9.541054459488914e-06
0.02066597682919198,9.538839631325256e-06
0.020702029285068337,9.533534934551169e-06
0.020842662701843057,9.528223841804119e-06
0.020882339759840277,9.527622573876862e-06
0.02089615587826991,9.520756007804231e-06
0.02099687429499257,9.519618863685305e-06
0.02099734797277871,9.51275580242066e-06
0.021014732105848314,9.510084172164664e-06
0.021083535486249704,9.508411835204258e-06
0.021133645739639523,9.505570243069261e-06
0.021166577058033122,9.505145677079222e-06
0.021196822359343406,9.501190642176857e-06
0.021287441734378597,9.496117762366987e-06
0.02136884434729521,9.495185228435071e-06
0.021405500434621333,9.492010079875565e-06
0.021432891679686178,9.489871208322274e-06
0.021549355902052852,9.487792309319008e-06
0.02158460154981855,9.486115972099073e-06
0.021603081324129816,9.480582587234479e-06
0.021611122343104666,9.472691467327398e-06
0.021649811300660387,9.472060127126309e-06
0.021659671308275084,9.471088578808176e-06
0.021703857307351783,9.471031409717713e-06
0.021716092967766745,9.469121003381243e-06
0.021760899601445866,9.463283404059508e-06
0.02176232372667268,9.461789762698679e-06
0.02184026067921233,9.457462954451695e-06
0.02186627474626199,9.4556259752997e-06
0.021913407131859134,9.45451831112059e-06
0.021947172913228136,9.44570695779737e-06
0.021980926336191482,9.438815363953818e-06
0.022013669960198406,9.43866328350803e-06
0.022054707363571645,9.4383152008437e-06
0.02207372183078353,9.43687981142293e-06
0.022077263167727082,9.433004207951735e-06
0.02209649362276775,9.432288130139723e-06
0.02212308674895749,9.42744335673972e-06
0.022173011539088263,9.425978622151194e-06
0.02236975079249983,9.422701693317031e-06
0.022382028625701926,9.417715856220448e-06
0.0224739906541415,9.417107028455127e-06
0.02251283052998437,9.414016695909278e-06
0.022534605292333035,9.413463894194098e-06
0.02263283128875662,9.408238342166721e-06
0.0226889584992812,9.399369140933342e-06
0.022795930480571262,9.385495571125414e-06
0.022835692524838528,9.379682348939722e-06
0.02284092879034472,9.373552260060399e-06
0.023063671101684266,9.373289283898087e-06
0.023067512173823263,9.372495021303917e-06
0.023098925006016822,9.370244037585302e-06
0.023098934133573824,9.367582367251218e-06
0.023291416901890936,9.364592597409171e-06
0.02333159432670691,9.363046929492134e-06
0.023364929770193492,9.35714001889541e-06
0.023386010254676657,9.348080890763744e-06
0.023387572487901322,9.347082799951442e-06
0.023392931515697123,9.346601740641568e-06
0.02349746024671437,9.346201459009671e-06
0.02361276753752922,9.344361098697666e-06
0.023641639308592293,9.343388281255982e-06
0.023683419704833997,9.341456450650828e-06
0.023853248791925213,9.339245389544584e-06
0.023879124280006266,9.32963552367619e-06
0.02393461300399149,9.326712044916239e-06
0.02394781536875925,9.313844418535062e-06
0.02400382111812765,9.312621541963127e-06
0.02401738721178243,9.309869898948307e-06
0.024020443211914693,9.308708826130442e-06
0.024058026163915978,9.296577106544946e-06
0.024075375896836195,9.291317476114824e-06
0.024130514234406715,9.282388052086826e-06
0.024137712958014326,9.278593627012955e-06
0.024213878810591016,9.278545678800256e-06
0.024221634181930966,9.278254187147977e-06
0.024232630524906696,9.274870872699468e-06
0.02426675831821674,9.268321553303107e-06
0.024292333928911884,9.26366150881642e-06
0.02435327209029237,9.25932254702825e-06
0.024479656933762826,9.249244319687607e-06
0.024482219407492237,9.247963813091123e-06
0.02448329570974369,9.247431962871068e-06
0.024495492257955977,9.246663300861842e-06
0.024551031222252252,9.24099018324715e-06
0.02463505931126912,9.240924254168649e-06
0.024642017536060316,9.238504554556383e-06
0.0247218564870124,9.231695082580804e-06
0.024814188788874023,9.229840346448909e-06
0.024836845853031423,9.229746122092801e-06
0.024861104413373688,9.222020520748845e-06
0.02488483722329236,9.217946508554827e-06
0.024946373790771238,9.211744299818674e-06
0.02495690859555834,9.211176143897664e-06
0.025087539844849214,9.210717595949181e-06
0.025088850315788322,9.20806438003419e-06
0.025099754988146428,9.206392713470541e-06
0.02512728636526942,9.205004911760745e-06
0.025132441253934545,9.197793530213634e-06
0.025147595564240087,9.176193278963492e-06
0.025185212933284865,9.174170855709594e-06
0.02521172623019676,9.171608007472004e-06
0.025222628691833095,9.169902414924799e-06
0.02525290309283686,9.16120955444072e-06
0.025555308061001286,9.15740389353713e-06
0.025655232485845985,9.152104627461713e-06
0.02566567464776051,9.148810149126793e-06
0.025691636872235184,9.143655035914279e-06
0.02573991157791174,9.143441138190715e-06
0.025749869812897782,9.140552264732198e-06
0.025788752120704757,9.134000704850169e-06
0.025790706452981017,9.130083032110712e-06
0.02579127896011232,9.126690782058435e-06
0.02581414845783246,9.12629857983751e-06
0.025916705595892084,9.122837015623619e-06
0.025987858275934663,9.120642745986901e-06
0.026005457259234484,9.117571637842192e-06
0.02605893929584347,9.117130672137225e-06
0.026143597748283467,9.108500030254356e-06
0.02621017632818316,9.107160956720194e-06
0.026285636109214514,9.103818349615465e-06
0.02628580255181911,9.084720179443275e-06
0.02646482052248601,9.080388872590405e-06
0.026470423917256902,9.079685259596074e-06
0.026493281139741604,9.075554057876099e-06
0.026523797393369315,9.07253277967126e-06
0.02658836459928917,9.065362308129169e-06
0.0266268512053632,9.060897013180292e-06
0.026654403269082916,9.059516047610798e-06
0.026732914110573793,9.058737096330402e-06
0.026814044356289056,9.058438242483536e-06
0.026823345834431946,9.056439145286671e-06
0.02683995262801469,9.051231724365386e-06
0.02684566485615511,9.046878709026038e-06
0.026866254822599172,9.043353369654606e-06
0.02687118000593581,9.042318658306194e-06
0.026871697627694615,9.041196932122323e-06
0.02687364111869659,9.035189288544104e-06
0.02694274746674786,9.033336510264911e-06
0.027080533202376703,9.03082611900903e-06
0.02722166051205714,9.025544321993208e-06
0.027301220041980073,9.01346080373435e-06
0.027327788539356548,9.009939989694315e-06
0.02734710855317232,9.00946311918712e-06
0.027382456665647686,9.008094538043024e-06
0.027399580367907652,9.007726400813932e-06
0.027448060548088897,9.001514056767723e-06
0.027670929302505764,8.998074439532635e-06
0.02776697520576022,8.990669509715043e-06
0.02778937656243069,8.98999334258715e-06
0.027888542708484974,8.987433596342867e-06
0.027902829057084452,8.985195382529142e-06
0.027937421906598023,8.985069482803894e-06
0.027942599521213855,8.98308261474591e-06
0.027985274133949193,8.978789826866929e-06
0.028027116330191715,8.977698175203898e-06
0.02803968396404536,8.972299562607696e-06
0.028109616945514598,8.96997964178167e-06
0.028138388525495685,8.968175328094375e-06
0.02814028394404429,8.965713358933137e-06
0.0282844628961654,8.959571859681984e-06
0.02833297089598896,8.955825228047566e-06
0.02838974859537294,8.95339924440646e-06
0.028390290163279673,8.950203371142188e-06
0.028446540109207608,8.949940631923789e-06
0.028479877959560997,8.948277536314127e-06
0.02860942691155798,8.948122944584412e-06
0.028650600540219104,8.945174645311272e-06
0.02869563362353087,8.941448849268931e-06
0.028794683144085776,8.940217211221883e-06
0.02879629606127526,8.933412696286781e-06
0.02880448462437213,8.926684273879318e-06
0.02887434654878701,8.923698321949005e-06
0.02888830255653921,8.921153568528421e-06
0.028967296621166698,8.920724963960065e-06
0.029028258266645488,8.916641111632651e-06
0.02907672572607531,8.911742534588351e-06
0.029159038452588333,8.90806713157221e-06
0.02916619085085187,8.906782526354966e-06
0.02918303903135695,8.901754032056917e-06
0.029238185913394717,8.90108226081405e-06
0.02924251075034096,8.897966707924042e-06
0.02928220086081024,8.897901846378578e-06
0.02930633042161566,8.896147824543961e-06
0.029307322195176,8.89354972375278e-06
0.029340300138379197,8.881168083502283e-06
0.0293842300625622,8.877186145844454e-06
0.029395468883677358,8.875601716542424e-06
0.02940872037948858,8.87384373418586e-06
0.029409639488419254,8.86695150436746e-06
0.029490949725013475,8.859761024688453e-06
0.029597379136495273,8.84940930262809e-06
0.029643444908445324,8.848053837221238e-06
0.029649031307236198,8.845523141518e-06
0.0297451217482814,8.84326506405984e-06
0.02976410242863426,8.841911190535217e-06
0.029779845090821416,8.841226795933649e-06
0.029794084463190814,8.840964923202665e-06
0.029796013825257872,8.839276968788288e-06
0.02986293561787196,8.837648426576342e-06
0.02990426041280009,8.836488590326332e-06
0.029909224401926,8.835836303524795e-06
0.029957529954289283,8.835062464483085e-06
0.03006281531350952,8.83205353439906e-06
0.030097736017294548,8.831591660359382e-06
0.030108859071868967,8.831411895585492e-06
0.030116046889782137,8.82589588100197e-06
0.03035796244934036,8.825107148174376e-06
0.030386940060022828,8.824940447182659e-06
0.03042737236729949,8.820035039525042e-06
0.030438665766506664,8.816413322005131e-06
0.030447042858613816,8.81591452460165e-06
0.03051034874913343,8.81404928272759e-06
0.030541329579733684,8.810976365960944e-06
0.030610093380838272,8.807955262085316e-06
0.030612945895098914,8.805579883570173e-06
0.030621846655899964,8.8020141254475e-06
0.030638558458480673,8.799447651012318e-06
0.030688824787401245,8.798870306595108e-06
0.030692876725702915,8.798803126999308e-06
0.030771452188656356,8.797523532217206e-06
0.03077624654272075,8.796984178747576e-06
0.030849304056505926,8.795743384627745e-06
0.031022011704503895,8.794986502685157e-06
0.031226715182936595,8.79460412512361e-06
0.031281091700415854,8.79415207196427e-06
0.03137765115789541,8.78703584799681e-06
0.0315769191548726,8.786807712399918e-06
0.0315905752753683,8.784390269268814e-06
0.03159482560012332,8.783332289083985e-06
0.03168022106151543,8.77448863056327e-06
0.03172827507305435,8.769320674326748e-06
0.03176741711230243,8.768653534247059e-06
0.03178284315674815,8.768018327118931e-06
0.03184681892247731,8.762081598674822e-06
0.0318840153589792,8.758468409078634e-06
0.03201213657418037,8.757950327714838e-06
0.03201843608163186,8.75755391173166e-06
0.03206129029698763,8.754676668702775e-06
0.03208202383399775,8.754398831808182e-06
0.032094224622941855,8.75329666318948e-06
0.03209574102114085,8.750403725874539e-06
0.03210621467572109,8.741417013328518e-06
0.032115253124901474,8.737102000782076e-06
0.03218903632002015,8.734094867283826e-06
0.03219587492309252,8.73361366781622e-06
0.03219767530289254,8.731299374208376e-06
0.032221006432890636,8.730857670374831e-06
0.03224988795732085,8.721602435804659e-06
0.03225417805736238,8.717441898044434e-06
0.03227505884435131,8.716976124953225e-06
0.032344898555916816,8.708235676297666e-06
0.03237438539860675,8.70210830268439e-06
0.03244132545252218,8.7009756041761e-06
0.032584364972347825,8.698169822786774e-06
0.03266018452022346,8.695649879964818e-06
0.03266812275028738,8.694486017656118e-06
0.032754378942663274,8.69322570747519e-06
0.03278538268653335,8.688716995378783e-06
0.032813176963349386,8.686476635747731e-06
0.03291953734958467,8.685698058806728e-06
0.0329709098526001,8.685587089071572e-06
0.033003442741929616,8.680405440878341e-06
0.03309150735474652,8.679198461556892e-06
0.03315106197831658,8.676492138294648e-06
0.03318855847407127,8.675863521242613e-06
0.03319860875336346,8.675579167138711e-06
0.0333088254354534,8.671274800964221e-06
0.03332731805785246,8.669082733708376e-06
0.03332752323195227,8.661753057477903e-06
0.03336053862056812,8.661526029355612e-06
0.033399411327208854,8.658519193339748e-06
0.03344730591658786,8.657994222272219e-06
0.033474945300991994,8.653714326829179e-06
0.033493124472267904,8.647927516304894e-06
0.03351817438689183,8.647427492983094e-06
0.03352111585978449,8.6467359227868e-06
0.03356122814913973,8.646566370844268e-06
0.033604013183894985,8.645862957085779e-06
0.03363725460670865,8.642916202660067e-06
0.033640644157842854,8.634792586477102e-06
0.033698993707353506,8.634056451968634e-06
0.03372528779014463,8.623229242404788e-06
0.033768183102276444,8.622016970914027e-06
0.03378609993642862,8.620063276541539e-06
0.03380995005811384,8.615932875704363e-06
0.033812585414771744,8.614998932590084e-06
0.03395244024044497,8.613325668952269e-06
0.03402327505109154,8.609723216281736e-06
0.03406373750359217,8.6069014048509e-06
0.0342715783429912,8.60190679808367e-06
0.034355156664772304,8.595721135452873e-06
0.03457460965619342,8.586542863285471e-06
0.0346104426982782,8.585749806144816e-06
0.03463156046192275,8.583371784775623e-06
0.03464855317717838,8.575693373065046e-06
0.03474761913159803,8.573628004553646e-06
0.03482854058761409,8.569401433339287e-06
0.03490375011572131,8.562933712089302e-06
0.03496474175715035,8.560590544179957e-06
0.03498333568961004,8.559283049770927e-06
0.03502973748687305,8.556308933908444e-06
0.035048874657408045,8.55349960639602e-06
0.03506594986134713,8.553163300573407e-06
0.03510717121178155,8.548418718863093e-06
0.03510983352848116,8.545408550639364e-06
0.03512243740323291,8.53812150376815e-06
0.035124871639040885,8.53360347605288e-06
0.03515645127873843,8.531896713362889e-06
0.03520161996653726,8.531449620477557e-06
0.03533056137931352,8.527968036506113e-06
0.03540267034272129,8.516157480331214e-06
0.03542524242655365,8.500202222457074e-06
0.035452519696327706,8.499757106456085e-06
0.03549465705906609,8.498418909352013e-06
0.035495392136278114,8.491635507364815e-06
0.03555448238433598,8.488209385590044e-06
0.035590635623030754,8.486765268753079e-06
0.035621424542614806,8.485740693938812e-06
0.03578667335471498,8.477194432677868e-06
0.03579433776412208,8.47616905399688e-06
0.03587795971872859,8.472700603974023e-06
0.03588119526103009,8.470318804785021e-06
0.035923242671342455,8.469015673527361e-06
0.03596100591685542,8.46803333769613e-06
0.03598490303317085,8.46572928734387e-06
0.035994803523725236,8.464177905584487e-06
0.036029600367773154,8.463987987848267e-06
0.03603966238497756,8.462924217401701e-06
0.03604072961603307,8.462487476501007e-06
0.03609019192836111,8.459186001587564e-06
0.03616375903024017,8.457560373253009e-06
0.036174695382830906,8.454262231220544e-06
0.03637998903485665,8.45292030980398e-06
0.036386300438325685,8.45076488002886e-06
0.03642205104142488,8.447191126679127e-06
0.03643989910038668,8.443232735095712e-06
0.036460604117406745,8.435930728911616e-06
0.03658537364464368,8.435362819893183e-06
0.036724146123260935,8.424850255196666e-06
0.03673152593580522,8.422775189817813e-06
0.03674717647788153,8.421097942941197e-06
0.0368285283642261,8.414400476733653e-06
0.03689604899835033,8.41421387279234e-06
0.036900295461365175,8.403773302455369e-06
0.03699705207353822,8.401180111611155e-06
0.03714126041801413,8.39659036303147e-06
0.03714218291281014,8.391900204714856e-06
0.03718807880085834,8.39131951539998e-06
0.037356063589992695,8.383389937471971e-06
0.03735734067376411,8.383048578538587e-06
0.03737254546736228,8.379611487175674e-06
0.03739932554617273,8.377026021443099e-06
0.03741767626621455,8.372664867574945e-06
0.037421507683730065,8.37219685752022e-06
0.03749625702623871,8.37149685691676e-06
0.0374993241526116,8.3713311957463e-06
0.037518865832680014,8.357232914619982e-06
0.0376184130880414,8.3550646214021e-06
0.037722366089904605,8.354994235852618e-06
0.037740123530997975,8.348347016290767e-06
0.037740279352805044,8.347870988336254e-06
0.03779574965612017,8.346377853154941e-06
0.037818285086308905,8.344789176169794e-06
0.03788311464345012,8.3416232422865e-06
0.03796316937085641,8.337988322241656e-06
0.03800269834336645,8.334359562648847e-06
0.03811637542708574,8.332812469769821e-06
0.038132941950704415,8.325594483473236e-06
0.03819172815095717,8.32478470240923e-06
0.03820397682386743,8.322799522807405e-06
0.03826961643332044,8.317703710515775e-06
0.03829246975275307,8.317335027052206e-06
0.03838210813334631,8.316694386130323e-06
0.03857040303949882,8.316688734343726e-06
0.03858845095190427,8.311219686893188e-06
0.03861213263291406,8.308480840171984e-06
0.03866897379559709,8.306662683709929e-06
0.03871982109736429,8.305382022209723e-06
0.038793446486930325,8.30264987353942e-06
0.038794833500486944,8.299515452351152e-06
0.038821680260078886,8.29402084067258e-06
0.03888421568638087,8.291257665836066e-06
0.038890592923822,8.290116203880277e-06
0.038910904516355385,8.288092713683144e-06
0.03899674091825525,8.287297107441655e-06
0.03901541193263882,8.281859697284025e-06
0.039026525593891394,8.281418667342027e-06
0.03904327981182853,8.280152416491031e-06
0.0390582900734413,8.274269240951824e-06
0.03906597939958679,8.267210063850372e-06
0.03907716236038036,8.264894341230956e-06
0.03912867258406764,8.263720195826165e-06
0.03917626736170899,8.262874695280563e-06
0.039187015940227395,8.261255318057457e-06
0.039234259971711365,8.260514050514768e-06
0.039246286527422555,8.255822408487571e-06
0.03928811575914839,8.252955622845717e-06
0.039353849251287085,8.24994946119103e-06
0.039381889073221855,8.244526087098321e-06
0.03945776375155566,8.241760365671315e-06
0.039482403925567955,8.240194995351379e-06
0.03949858203963294,8.236486868919072e-06
0.03955359430571908,8.229692108454317e-06
0.039576827304936994,8.225041209122435e-06
0.039578327007670486,8.22318105074162e-06
0.03967012103540691,8.222569717912082e-06
0.03973497128136048,8.219610133131093e-06
0.03988124952603138,8.219512135793704e-06
0.0399425362718941,8.21780962519833e-06
0.040001620394526406,8.21677662687823e-06
0.040082209808995406,8.21277605397675e-06
0.04012372776336815,8.209910307645363e-06
0.040127676059840654,8.207532340483568e-06
0.0401360415384159,8.207018797341955e-06
0.040185617044187494,8.204880276557042e-06
0.040187031637902736,8.204515609053166e-06
0.04025036882584504,8.201964254706128e-06
0.04027269512734738,8.199276183771049e-06
0.040344505785866916,8.19718334125107e-06
0.04044013685126354,8.196730065705473e-06
0.04046179962141323,8.195733288146987e-06
0.04058715457873503,8.191262970295055e-06
0.04059012437472652,8.190043137178679e-06
0.0407027223114759,8.186060941150756e-06
0.0408319447241562,8.184107867045706e-06
0.0408343774940516,8.180488012875947e-06
0.04091078734747204,8.180207865851937e-06
0.04097496188135548,8.17871679431077e-06
0.04110691572142496,8.172801834591953e-06
0.041137086460777975,8.167146691247111e-06
0.04114023226494495,8.165937760460456e-06
0.04114236552605552,8.160027562195393e-06
0.04127123864095639,8.155432278372114e-06
0.04129434900332354,8.153406693363619e-06
0.041311783357831644,8.150999444058364e-06
0.04132118994257176,8.150450406854462e-06
0.041376860208374534,8.148207288203916e-06
0.04145482398892486,8.144566489833792e-06
0.04149814244512826,8.14426075838108e-06
0.04155319792137489,8.138493639544262e-06
0.0415773933095105,8.135060306022623e-06
0.041583406021609204,8.132604695856736e-06
0.041596468975835396,8.131883380350156e-06
0.04163120848490688,8.12624397495979e-06
0.04171525499960217,8.121124545812264e-06
0.04172634803509839,8.120042607225646e-06
0.041818948484577845,8.118482518723495e-06
0.04184581443890329,8.117211555560866e-06
0.041884459688486815,8.115973111024079e-06
0.04194840984103685,8.111342074759787e-06
0.04196505138882249,8.106636306305167e-06
0.04212464861247449,8.106493258911494e-06
0.04217855425418523,8.100196768278161e-06
0.042199390175289286,8.095176175646545e-06
0.04220010267435668,8.073572797275229e-06
0.04221014033237544,8.07255173776972e-06
0.042233261382474505,8.06528946188452e-06
0.04226127240614664,8.063159327809393e-06
0.042341738896472046,8.061779172765931e-06
0.042347308926783254,8.05872421570922e-06
0.0423584013328972,8.057863368473977e-06
0.042442655242341185,8.052478976775661e-06
0.042587588729983895,8.052456629942629e-06
0.04279012005929768,8.05134832999406e-06
0.042854417625007406,8.049304611669283e-06
0.04285629200067178,8.04599027023805e-06
0.042856823803192126,8.034221708076265e-06
0.04291504203536919,8.032576371009966e-06
0.042930079889089236,8.02949972095174e-06
0.04297228219422828,8.022717952734689e-06
0.0430453579707258,8.018314988727078e-06
0.043104450392639854,8.015450847578297e-06
0.04323728085791187,8.007562925920001e-06
0.043247733546751176,8.00495710657154e-06
0.043266762090408584,8.003336412515711e-06
0.043274269045878305,7.999002229058105e-06
0.04328296294648363,7.997639073732618e-06
0.043347767909175175,7.992003070703428e-06
0.043428485198497145,7.990250771521526e-06
0.04350979026469838,7.983567678481157e-06
0.043529149090730655,7.980160541004107e-06
0.04364769467719233,7.980000635920632e-06
0.043652194980909095,7.975253729829169e-06
0.043826389030369665,7.974041375405164e-06
0.0438697786857446,7.967976116894956e-06
0.04388566284510578,7.967138412458412e-06
0.043904339511251535,7.966965810816649e-06
0.043929872679430174,7.961281611595063e-06
0.04396521188910828,7.959253745205113e-06
0.044147967878685815,7.957561903227505e-06
0.04415106479317266,7.95743243294321e-06
0.04417415065069402,7.955656720680165e-06
0.044179341544305965,7.95413825684785e-06
0.044288361917964786,7.94928910685074e-06
0.044331365040153975,7.947535455035964e-06
0.04440026199552639,7.947462508270711e-06
0.04453688247332074,7.945544007066726e-06
0.04462915561895519,7.945343399521795e-06
0.04472450600909362,7.939926249897841e-06
0.044814813886100174,7.936537084351243e-06
0.04482149186436143,7.935698215232624e-06
0.044833590392299394,7.934536706289e-06
0.04483895312375867,7.927742992671432e-06
0.04484339332113774,7.92765076685312e-06
0.04484442698652986,7.925956915495535e-06
0.044882544011180095,7.925511800567489e-06
0.04491676670874753,7.923476140169659e-06
0.04497159399348194,7.92245606894769e-06
0.044973890632270475,7.91949298359236e-06
0.044989641285137556,7.919486215017646e-06
0.04499073719820135,7.917938721138579e-06
0.04499360666906158,7.916299524374162e-06
0.04501942846191546,7.906333882638886e-06
0.045117650462608155,7.905971450813499e-06
0.0451935773696775,7.9042897907048e-06
0.04523781695138351,7.903407308784205e-06
0.045243572164633025,7.900408741500616e-06
0.045355318784727795,7.89794202252255e-06
0.045378269617621717,7.892300208423437e-06
0.04541560905927823,7.891567057634687e-06
0.04545090343618447,7.888253543197611e-06
0.04546258193770729,7.888121317875049e-06
0.04554212176203304,7.887277170504517e-06
0.045632585139810646,7.885666118236108e-06
0.0457121643889738,7.885643082754657e-06
0.045722106409330346,7.885457530696304e-06
0.04572349149042398,7.881726654094953e-06
0.045726334067493636,7.881382920876178e-06
0.04574102824613623,7.880358700925724e-06
0.04574312619555459,7.8789004039757e-06
0.04578968284228789,7.87860532885856e-06
0.04586784137264814,7.875367368878655e-06
0.04602267641025517,7.873210567019556e-06
0.046039115111439745,7.864043575073604e-06
0.04604080612048624,7.850882880726868e-06
0.046041742064073035,7.84525582408378e-06
0.04609397128766392,7.842901212294907e-06
0.046095289303732516,7.84222808205948e-06
0.0460983890942344,7.841743732920886e-06
0.04615718173641918,7.835946425915892e-06
0.046183490661233825,7.832515954775888e-06
0.04637085843742396,7.82435421314554e-06
0.04674484298310983,7.819808712720657e-06
0.046750220194479226,7.813501730054604e-06
0.046822049154457965,7.812287242944178e-06
0.0468276564758023,7.812098998682022e-06
0.04689938106979979,7.811657181463462e-06
0.046915915003986904,7.800085435087693e-06
0.04694041736373185,7.797483287140098e-06
0.04702308071315294,7.795999322162514e-06
0.047026792227985635,7.794268121041127e-06
0.04703263882364838,7.793054430811696e-06
0.047044426736095414,7.791018946588409e-06
0.04706058625270319,7.790365919645128e-06
0.04711665716130493,7.789019282473245e-06
0.047161626330672196,7.785921588367107e-06
0.04716348759721723,7.785434347832584e-06
0.04721382450804413,7.782227306029657e-06
0.04725704197921854,7.777902472216666e-06
0.04725905225224787,7.777081994300288e-06
0.047306833433570006,7.776884511883207e-06
0.04732276742667086,7.776307162144818e-06
0.0473444237765719,7.767547168067429e-06
0.0473653965923292,7.763790304381242e-06
0.047378256314336675,7.75927063758223e-06
0.0473869993941234,7.756865711210892e-06
0.04746252585033764,7.754490687627124e-06
0.047542585424167005,7.72128053486712e-06
0.047587889221042054,7.716590964606043e-06
0.04759952347653063,7.714437743243398e-06
0.04762826882574302,7.71423834148277e-06
0.04766292915841448,7.713302150177746e-06
0.04767300756739525,7.710136977896181e-06
0.047805438114528184,7.708018966196418e-06
0.04784815376032048,7.705778306671526e-06
0.04790796170671755,7.704121418838038e-06
0.04792084492641132,7.703525558995731e-06
0.0479260071839586,7.703261392562937e-06
0.047966464152606476,7.701886718109628e-06
0.04810065398345721,7.691394673894523e-06
0.04817912432261724,7.688627711767722e-06
0.0482442567076511,7.685198683579248e-06
0.04832344716330563,7.683269216672197e-06
0.048340506501847916,7.680020544065123e-06
0.048424638971208,7.67511479763299e-06
0.048446501498448036,7.666173892926311e-06
0.04849756335862558,7.665730731507473e-06
0.04851091446987271,7.665341062476301e-06
0.048525806492879985,7.65623259378571e-06
0.04856092481235245,7.651306940756274e-06
0.04883814075291926,7.648444038650633e-06
0.048924452450072604,7.64841407163357e-06
0.04893656351314732,7.644715918286872e-06
0.04901175974949202,7.644303637829915e-06
0.04904609350005872,7.64365034534846e-06
0.049066049458075967,7.641889446271411e-06
0.049103389173460604,7.640085467444696e-06
0.049148520389959933,7.637310603206905e-06
0.04915458251518063,7.63573724558106e-06
0.04917381378872009,7.632675624284518e-06
0.049368593348868776,7.6272127106290975e-06
0.049369319825323096,7.622015341398418e-06
0.04937003736846778,7.6215842709705286e-06
0.049409687700155025,7.6194725636771175e-06
0.04944409616857228,7.617237192171496e-06
0.04949514867645285,7.614845466519991e-06
0.04962686411768829,7.614703119905884e-06
0.04962949039730133,7.61078523320376e-06
0.049741712013419245,7.6068817398473064e-06
0.04975700560974749,7.604380174230324e-06
0.0499636088789953,7.598811530902624e-06
0.049984887339423564,7.5973321262171995e-06
0.05000770353901097,7.5919205221802755e-06
0.05002972684821849,7.583011866883937e-06
0.050032779646467615,7.5794356469759325e-06
0.05006414245430722,7.577074836711822e-06
0.0501136200822503,7.57596458174962e-06
0.05026044292586562,7.573579165405e-06
0.050349201380685694,7.5725219210987015e-06
0.05038054146935636,7.570039105839803e-06
0.05046457900762124,7.564574550965499e-06
0.05047052787613309,7.562473752085557e-06
0.05047905545914835,7.560065490854151e-06
0.05054852902043112,7.5549648625681155e-06
0.05060285631821472,7.55031512281187e-06
0.050649591544137514,7.5449866313467195e-06
0.05066428144614548,7.538312477133952e-06
0.050704190311295964,7.5347375536062395e-06
0.0507372296656726,7.530254247115417e-06
0.050783681976467474,7.529918079757118e-06
0.05084326500810401,7.528838464076043e-06
0.05087119122635916,7.5242268217505064e-06
0.05090315150233948,7.519085277526089e-06
0.05098237023680161,7.518321871427306e-06
0.05109926327491268,7.51289502841687e-06
0.05119395179802519,7.509809155291887e-06
0.05119809611283119,7.504701744821966e-06
0.051315346960657884,7.500367851340434e-06
0.05142293020815868,7.49963039957581e-06
0.051435841832591644,7.495702652072222e-06
0.051520623654235834,7.491967727184364e-06
0.051558985156937645,7.484465939217776e-06
0.05157015502799063,7.478414898895451e-06
0.051682635373308354,7.478009017832285e-06
0.05170053814174467,7.470736584749133e-06
0.05173287959635651,7.4687460460382974e-06
0.05180894598178316,7.463672633970458e-06
0.051897492212548524,7.463139583034195e-06
0.05190312533386575,7.454921737452441e-06
0.05211779980836439,7.452586760542969e-06
0.05214515594774658,7.44626968100288e-06
0.052147930112421186,7.4430665243190435e-06
0.052156232597761976,7.440341242778946e-06
0.05222281017518514,7.437653445348852e-06
0.05223829753901688,7.4376493417596224e-06
0.052245670016255866,7.429480715510736e-06
0.05226043796294582,7.429077559988682e-06
0.0522646236871494,7.426528523762275e-06
0.052280863851834204,7.422497305294726e-06
0.05232351121942811,7.410303980665944e-06
0.052376321883265756,7.406394397803679e-06
0.05239260316847971,7.405985160683005e-06
0.05244835008380587,7.4014450750004795e-06
0.05245515295857469,7.3969694487455565e-06
0.05249557901190159,7.396326702950207e-06
0.05256094976580068,7.392544534091696e-06
0.05261185538694834,7.391189436488735e-06
0.05267720985439643,7.386382158110614e-06
0.05269336861252915,7.384909845057137e-06
0.05271082715144879,7.3828869176163325e-06
0.05278269130741785,7.381805056675728e-06
0.05292821037733529,7.378643658275012e-06
0.05305353118584447,7.376636020222244e-06
0.05312589446106247,7.3753236373411235e-06
0.05315523024223893,7.373637638491619e-06
0.05316148952950595,7.372606009589907e-06
0.05316397503402349,7.370460958629223e-06
0.053267364854273705,7.367283717298575e-06
0.053470284254152296,7.366556318194871e-06
0.05347080412632471,7.364574130414804e-06
0.053545905598688485,7.358907340067115e-06
0.053564512969251875,7.3530796050847045e-06
0.053570772898223526,7.349685742605105e-06
0.053592398301864505,7.346914631374299e-06
0.053663651782317585,7.3436161662979115e-06
0.05368920921726414,7.342806574645752e-06
0.0537511342665298,7.342117594943524e-06
0.053799963289958945,7.340927398942047e-06
0.053852503180677115,7.338404287044642e-06
0.05388515191162984,7.336413434158723e-06
0.05394176153761322,7.329549847970914e-06
0.05398846394919465,7.326163500720282e-06
0.05403865954330396,7.324799514543725e-06
0.05412612602157161,7.324287578605986e-06
0.054169268990245545,7.316915499339981e-06
0.054197910780131246,7.3164524689806305e-06
0.054221271273749976,7.311440475209304e-06
0.054243644084577415,7.306325663525071e-06
0.05426522314960427,7.301379787520405e-06
0.05443151199934593,7.295427529113484e-06
0.05443412092584093,7.2907931366550625e-06
0.05447973654885433,7.283075547150576e-06
0.05451433790428975,7.2811189385175316e-06
0.054548850441856506,7.279737518508323e-06
0.05467952595054283,7.278016743278904e-06
0.05472441794539226,7.2765969145494105e-06
0.05476424345074203,7.2752647965452e-06
0.0547670484306278,7.274989647001736e-06
0.054789746273872265,7.2748304003422356e-06
0.05480053866840899,7.269828968669077e-06
0.05486065674814097,7.26846735991478e-06
0.054868997427251556,7.261173102832397e-06
0.054917507412631274,7.260788225801701e-06
0.05492315904087417,7.251905573268628e-06
0.054995378471610665,7.2479249204656575e-06
0.054998707214983025,7.245743923407309e-06
0.05500574742800414,7.242014308510396e-06
0.05504496600085092,7.240029452661216e-06
0.055134822358441575,7.239009749871779e-06
0.05517526655731187,7.234526716687176e-06
0.055219863670916386,7.234165125356129e-06
0.05526395348651645,7.2325160142893715e-06
0.05531074786600124,7.230503443498345e-06
0.05541617562161866,7.227988091855294e-06
0.055434064960622975,7.226774198121385e-06
0.055459536518521674,7.2200024820888e-06
0.05546789352643857,7.2060048835417895e-06
0.05550769862815681,7.1972897810232246e-06
0.055596548711201024,7.196428936118485e-06
0.05561924231544539,7.183933170171735e-06
0.05562852286889465,7.182598738485629e-06
0.05564696242643485,7.177846205998181e-06
0.05567985595541053,7.16004518680337e-06
0.05574954063053114,7.153911545348562e-06
0.05576469425808306,7.152482262135289e-06
0.05580215779397036,7.14844816261216e-06
0.055840422234637054,7.144319061293324e-06
0.05600292912784276,7.135171535584637e-06
0.05605328979673152,7.134436411327521e-06
0.056058207328592465,7.131717922366404e-06
0.05608151822268698,7.1296044896078605e-06
0.05608165759940482,7.1293601168352664e-06
0.0560930133213283,7.1287856601594865e-06
0.05609445879158708,7.126117235725982e-06
0.0561556962024506,7.12536898905413e-06
0.05620630311284439,7.122638525585568e-06
0.05632469339810136,7.121562123954063e-06
0.05632808357872594,7.117897849942188e-06
0.0563523956486244,7.117862204185298e-06
0.05635790567510937,7.114597293516044e-06
0.05637198585489722,7.112493642252155e-06
0.05647348641286518,7.111325137658491e-06
0.05650171564045465,7.110161735191183e-06
0.05651646765383,7.10674960706298e-06
0.05653481778350954,7.097388394714085e-06
0.05673969633056244,7.08455985263305e-06
0.05678303106662491,7.0805813951148475e-06
0.05683268177376175,7.076718018215695e-06
0.056844598131111236,7.073503010578115e-06
0.056922762649369935,7.073036956139054e-06
0.05701538502650077,7.0700248579639895e-06
0.05719164619393475,7.069296575908164e-06
0.05721888931758429,7.063148285083825e-06
0.05731778344981841,7.060439881367009e-06
0.057353522234843114,7.05845233710257e-06
0.057471307633650874,7.057549721716839e-06
0.057536005251107664,7.053059641096214e-06
0.05768715486709681,7.051782118698383e-06
0.05773467227825894,7.046237417900087e-06
0.057746159989754964,7.044318933049595e-06
0.05777964230218373,7.037757299583703e-06
0.05783206233566648,7.035913588663627e-06
0.05786649640642938,7.030681506632279e-06
0.057966454041504335,7.01967261876622e-06
0.05813071428818897,7.018066430984421e-06
0.05813627379208156,6.997821994105121e-06
0.05819143208595213,6.991559685625485e-06
0.05828490329741763,6.986681774831852e-06
0.05833514650591252,6.986426300597875e-06
0.05834606594982029,6.980787275850491e-06
0.05837226292483369,6.980777182467805e-06
0.05842783846108179,6.977761439154526e-06
0.05849604884457885,6.969739971576327e-06
0.05851104497873044,6.964033477955581e-06
0.05855498744899615,6.960872992268717e-06
0.05856949037924059,6.955563240419301e-06
0.05862886430294507,6.947314530691835e-06
0.05865814037384609,6.94555334601551e-06
0.05867048906720009,6.945402177816744e-06
0.058690189712885,6.942825187099241e-06
0.058746556288303636,6.940671844057021e-06
0.05881617950169291,6.936579379765171e-06
0.05899298442993341,6.934272045775869e-06
0.059001822613495854,6.934162654906643e-06
0.05903606627760479,6.933927190901291e-06
0.0590537543087897,6.9310722060176824e-06
0.05905798352478735,6.924078405177235e-06
0.05913870913012626,6.922590475457413e-06
0.05921703743724581,6.917875559666465e-06
0.05923151029128508,6.917338203869088e-06
0.05938877497173482,6.912885269186593e-06
0.05943985612366571,6.9117589293943786e-06
0.05957120774924918,6.9088123190270595e-06
0.059664859563342686,6.905216969827128e-06
0.05969800148463132,6.9038163882941996e-06
0.059755615397131465,6.90238044977553e-06
0.05991567841109435,6.892379514242833e-06
0.0599181302652524,6.885995091506569e-06
0.05996393607099103,6.884431596438661e-06
0.05996683484348148,6.882444200155908e-06
0.059987392756579466,6.881941278179337e-06
0.060016710166425034,6.8808758831599456e-06
0.06002078970948275,6.866978402929853e-06
0.06011507017890334,6.862410653726379e-06
0.060128436731643836,6.856155756703613e-06
0.060163102158669005,6.853035847545851e-06
0.06019297933506334,6.848904586635523e-06
0.060263926343037795,6.838922289234429e-06
0.06029617880099263,6.832008977186454e-06
0.060353924950530276,6.830222728907242e-06
0.060380109384896456,6.818765076981224e-06
0.06038839322578436,6.811817244858551e-06
0.06040832611112583,6.810868645004599e-06
0.06043382661675089,6.798671178249404e-06
0.0604941894496712,6.798141367214786e-06
0.06052460045960571,6.79788643803548e-06
0.06065644597233694,6.795613745889952e-06
0.06077664443064186,6.7954378085609324e-06
0.06077911594572401,6.7805097731124e-06
0.060821754164264115,6.777394664029342e-06
0.060902901422309474,6.776777641523256e-06
0.060942710929560114,6.76595742352428e-06
0.0609878506636216,6.759498170658241e-06
0.06102013188364342,6.759447055167034e-06
0.06102806594329937,6.759127698825314e-06
0.06108323480505614,6.758682045061642e-06
0.061108389827433544,6.7544932583800325e-06
0.06112509684846077,6.753110765011624e-06
0.061169838311534046,6.75169547794853e-06
0.06117461152205069,6.751110663396942e-06
0.06119949340465382,6.747900977171454e-06
0.06120619428728775,6.747595662793011e-06
0.061362351471148824,6.747151304934617e-06
0.0613631977817713,6.7450358920748175e-06
0.061385061504470456,6.734229268105653e-06
0.06140361076565293,6.7333961290080074e-06
0.061539934935918916,6.725285113726314e-06
0.06170751461107197,6.723405772006261e-06
0.06179351855250369,6.7158696191663085e-06
0.06181301155419307,6.711573002219928e-06
0.06187217959802985,6.709552999376803e-06
0.0618887146111332,6.708866330750298e-06
0.061994658810277346,6.705373486763546e-06
0.06202420126334164,6.699344652115259e-06
0.06206220618049412,6.698598983648195e-06
0.06222311580049493,6.689835783785524e-06
0.06228535493430042,6.688688040166322e-06
0.06229976619050664,6.688405601372319e-06
0.062308300895344504,6.6852948523581236e-06
0.062314910040566246,6.683061832810491e-06
0.0623152004038346,6.680244883734516e-06
0.06233731219731204,6.677985151554082e-06
0.0623880754387296,6.671144650622807e-06
0.062448760455262556,6.664838915216992e-06
0.06245468598269885,6.663651104257643e-06
0.0625901656229987,6.662563292335369e-06
0.06259423589968975,6.6517363504643385e-06
0.06262300559129144,6.648055371366929e-06
0.06270194977000772,6.637725300050063e-06
0.06279535565623014,6.632626343426038e-06
0.06288205013386738,6.621864362332865e-06
0.06289991692469149,6.615011683801684e-06
0.06290981168532185,6.612408402833624e-06
0.06296529267762921,6.6093225321513415e-06
0.06300591084949304,6.600157355911907e-06
0.06306012527630096,6.598675228005647e-06
0.06306571916047372,6.597113942655832e-06
0.06310110694304044,6.593614738815029e-06
0.06311476774967544,6.583025453614578e-06
0.06312089971526996,6.580754999842639e-06
0.0631327287947944,6.579449913944797e-06
0.06315950933564464,6.578062392910937e-06
0.06333406686900056,6.5780533941062144e-06
0.0633527201611536,6.573638232114622e-06
0.0634874644262761,6.568748385021662e-06
0.06349665642528382,6.56807022486899e-06
0.06350368847573717,6.5596030918373125e-06
0.06358824427990219,6.548965769710998e-06
0.06360386287841453,6.548618899770923e-06
0.06360920486385797,6.548126325321781e-06
0.06365785569671471,6.547004270266383e-06
0.06375843990794122,6.546900322166572e-06
0.06376652748568094,6.544764006412982e-06
0.06379942749079462,6.536578494548397e-06
0.06381826942749791,6.535048155098999e-06
0.06384071352999354,6.53222050342503e-06
0.06386058848694529,6.529102597022262e-06
0.06386627253185286,6.525794088483182e-06
0.06387870737635373,6.521017714138735e-06
0.06395919540692524,6.520388782966249e-06
0.06412225720765241,6.5191705633901555e-06
0.06416794828723076,6.518703241532734e-06
0.06424558156858841,6.516169361673135e-06
0.0642799748161787,6.505958120807082e-06
0.06431433783909968,6.505925514377694e-06
0.06433041246967407,6.502895323630893e-06
0.06435775015303567,6.4988561282885645e-06
0.06439279575974127,6.493709336788949e-06
0.06440576824558357,6.492623758397096e-06
0.06444211373632358,6.488445125311331e-06
0.06448904378123417,6.487776593089498e-06
0.06449335117975635,6.482220443270511e-06
0.0644938720940201,6.4793761262482494e-06
0.06449914757270123,6.4785249019883675e-06
0.06459199432768409,6.471805310269585e-06
0.06461631335743767,6.470201788128247e-06
0.06489297912159606,6.46818085959197e-06
0.06498772167607186,6.463580285141118e-06
0.06500917400901271,6.4630755731409906e-06
0.06502274664918503,6.461881046730618e-06
0.06502973037105937,6.4617830099097526e-06
0.06506949380423652,6.46043819559114e-06
0.06508309800195326,6.460287702036062e-06
0.06509172218647546,6.45970032453786e-06
0.06517201092067168,6.457545836780454e-06
0.06518912413600969,6.456338372615819e-06
0.06522207556224102,6.456205135887078e-06
0.06525245033131907,6.455768086810958e-06
0.06528520612669102,6.453638347246842e-06
0.06545402507405039,6.450248462903952e-06
0.06552028698276914,6.445421393462259e-06
0.06560869155752003,6.4447650632267885e-06
0.06566359626640522,6.4367860457580335e-06
0.06566466554904765,6.435789377159876e-06
0.0656669171064446,6.429984056187971e-06
0.065754665798898,6.4290158105251555e-06
0.0657627611192878,6.426305922807302e-06
0.06582665534071488,6.423591442666262e-06
0.065835118409975,6.421520650040064e-06
0.06593290213862708,6.420362521772402e-06
0.0659763842325072,6.41947190733096e-06
0.06601167461257534,6.418309315501733e-06
0.06603372797623899,6.414386518580441e-06
0.06608063990950183,6.410200111117672e-06
0.06612380772724843,6.407750730840645e-06
0.0661592269758846,6.404143478486467e-06
0.0661640517161487,6.400182344652238e-06
0.06622330634657803,6.390405260947007e-06
0.06649868289948499,6.384126375993995e-06
0.06651088740423453,6.383050374467694e-06
0.06670595044535658,6.37922224897794e-06
0.06672894556068198,6.378623896399255e-06
0.06681136272367656,6.374600156347078e-06
0.06691911813906129,6.366751613478352e-06
0.06693868386675011,6.366205125728497e-06
0.0669605831282042,6.362084268789287e-06
0.06709693214837244,6.360815095249924e-06
0.0671185242017108,6.356475977779716e-06
0.06714929838912184,6.346971644352873e-06
0.06714984858552633,6.345265400738601e-06
0.06724407221877411,6.338199712151979e-06
0.06727370216033682,6.334769658978042e-06
0.06734974229730259,6.333876560789341e-06
0.06735368255134996,6.323939834090841e-06
0.06737515615207712,6.3234522652807944e-06
0.06745257478357361,6.322476254693674e-06
0.06745717607808845,6.320998871684092e-06
0.06746455749664798,6.3178549365160626e-06
0.06760715397192285,6.31419035124225e-06
0.06767013982295392,6.311215183130171e-06
0.06774164411112416,6.310644312191052e-06
0.06794284607148104,6.3046804136740484e-06
0.0679556263228098,6.30312068682147e-06
0.06799471566814144,6.302976117991202e-06
0.06805276285078196,6.295889304559495e-06
0.06808855675305588,6.294364039389621e-06
0.06812144478291055,6.286824874175403e-06
0.0682072163758414,6.2859065371371725e-06
0.0682305276307343,6.2824750981188045e-06
0.06824540935883557,6.280983247567506e-06
0.06824826927912431,6.273176147112332e-06
0.06827892766428147,6.272077653776473e-06
0.0683094487030989,6.270657791542398e-06
0.06832571740221649,6.2698231162243774e-06
0.0684463824613092,6.264646615003195e-06
0.06852039001974301,6.250373681543128e-06
0.06854811492557918,6.245606388501536e-06
0.06857653233925692,6.244619925505384e-06
0.06857715034674781,6.235905475460719e-06
0.06862588117621198,6.232990918950056e-06
0.06866823709777227,6.231464950240764e-06
0.06867584026888708,6.229410865339995e-06
0.06880017785172503,6.22813764554795e-06
0.06890881207908992,6.21580546898775e-06
0.06895709185471126,6.215265895020361e-06
0.06897244255374112,6.213070320485913e-06
0.06912145355461231,6.21063370082686e-06
0.06936776054090393,6.209746753436447e-06
0.06939654578019884,6.20748828714595e-06
0.06945642261176878,6.2070281490190756e-06
0.06949719844854468,6.205744850965716e-06
0.06951088991572917,6.2055664654263e-06
0.0695196188185171,6.191709170634484e-06
0.06956877028891845,6.191654954689255e-06
0.0696036731198826,6.191514006712082e-06
0.06962119885470146,6.186045667303026e-06
0.06963343991201375,6.1740621394348115e-06
0.06965164074506218,6.170538451290411e-06
0.06975102297124343,6.168810829714278e-06
0.06978566394686131,6.168463776616588e-06
0.06983446470353381,6.166878658605345e-06
0.06987386919236865,6.166743157550689e-06
0.06993127169613403,6.163496330074733e-06
0.06994713526312739,6.158733095604476e-06
0.07002502618028128,6.151499018673276e-06
0.07005601540167188,6.150786034833124e-06
0.07006433191371852,6.149389026543008e-06
0.07011143516542376,6.1455354454754654e-06
0.0701367588038935,6.145075250536562e-06
0.07014103974315104,6.140858291828409e-06
0.07021020241675999,6.13832070644063e-06
0.07023933618567836,6.135221823386599e-06
0.07028923874827789,6.12968885368489e-06
0.07035327728813112,6.1267997119897655e-06
0.07045489618155723,6.125459398002793e-06
0.07048211186233401,6.119965131902762e-06
0.07050460989093071,6.118113946679421e-06
0.07053937982155492,6.11636383244961e-06
0.07054941040394833,6.107879579855255e-06
0.07071658688383178,6.107410461772254e-06
0.0708249234790738,6.107133160464318e-06
0.07089816389887636,6.10541734617833e-06
0.0709139617041497,6.1002215177536455e-06
0.07093606975919298,6.099551077967891e-06
0.07093927392187707,6.097741924730223e-06
0.07097301896682949,6.095398781531974e-06
0.07107255863407753,6.089892245961466e-06
0.07113145388108981,6.084816642585678e-06
0.0711917945409393,6.08333764254321e-06
0.07133554644152511,6.081288844320065e-06
0.07135679730102497,6.079490455748846e-06
0.0713763422928442,6.079340672779192e-06
0.0713840217271869,6.079087889005219e-06
0.0714858425020562,6.072153936301354e-06
0.07159910992709254,6.069492074536852e-06
0.07167384190955739,6.064536283785037e-06
0.07169311070956684,6.061504876033143e-06
0.07170025778789747,6.057764157400417e-06
0.07170735691157427,6.055327999912382e-06
0.07171728877589056,6.046688444289359e-06
0.0717272074518914,6.0452588268523336e-06
0.07172931540589299,6.0440148222353725e-06
0.07173837353886252,6.040474737771147e-06
0.07174376825113397,6.033264582552985e-06
0.07178141187504342,6.032625502678992e-06
0.07179016351549597,6.030298569358696e-06
0.07180514317250859,6.029772018077105e-06
0.07181554367642515,6.0225273994795785e-06
0.07182466343514306,6.02074716856255e-06
0.07185631115872745,6.013682174549186e-06
0.0719474647695718,6.008771626552346e-06
0.07210069792042693,6.000486394130873e-06
0.07215336127270106,5.979155891420431e-06
0.0722502723808277,5.978314968692318e-06
0.07226455991953872,5.975893798006681e-06
0.07227234955770236,5.973556941950318e-06
0.07230773432568183,5.96913092619606e-06
0.07232430350648392,5.960085747431848e-06
0.07234842316191775,5.959164585630582e-06
0.0723515265493224,5.957309224140803e-06
0.07242414957164552,5.955469286026599e-06
0.07244277501734389,5.955441058141352e-06
0.07256318938352777,5.946499111923482e-06
0.07257884244580164,5.938384506171426e-06
0.07260510609302508,5.9364828826490875e-06
0.07263893626488387,5.9328968088834145e-06
0.0727612769119261,5.929898638012213e-06
0.07286881118371752,5.920052183073687e-06
0.07290196939257529,5.911408502326818e-06
0.07300582257053399,5.9113141264804085e-06
0.07302103001909746,5.910841925194211e-06
0.07302990190354398,5.909748116151139e-06
0.07306060216753497,5.90208843104286e-06
0.0730718279024531,5.8890905610635495e-06
0.07321263350152855,5.88217939031058e-06
0.07325871425328427,5.880099329217176e-06
0.07327804450164972,5.878090915981557e-06
0.07328647787741908,5.8703081340730985e-06
0.07332081624696758,5.866389897033056e-06
0.07337037078565004,5.865581346929776e-06
0.07341461026660227,5.863139501994467e-06
0.07344484172535148,5.854528759542317e-06
0.07345165588746083,5.846063900718553e-06
0.07348334828094542,5.843631080970895e-06
0.0734873230763273,5.83816325143942e-06
0.07348863866208051,5.836711532842918e-06
0.07353313003107079,5.834229792862582e-06
0.07359538677799106,5.8338301880524785e-06
0.07371682914690984,5.828441896451841e-06
0.07373087956012866,5.822779740730059e-06
0.07373091261427775,5.822551333047976e-06
0.07373873721417001,5.821970612569631e-06
0.07377014239740351,5.819486205049949e-06
0.07378525719511503,5.813445223772988e-06
0.0738729225215915,5.811671283192672e-06
0.07400721452725047,5.811285381787956e-06
0.07407601243030426,5.805895508153688e-06
0.07408314565246804,5.801910580190424e-06
0.07410103943733715,5.800310899326902e-06
0.07410125450822395,5.794294294843778e-06
0.07411413845223457,5.7912967528129e-06
0.07412150520144493,5.790949483820206e-06
0.07420643925890301,5.7881871997328425e-06
0.07424911048193245,5.775981336864895e-06
0.07431989106906818,5.774077829290792e-06
0.07439428344442753,5.771871105386366e-06
0.07440348835230079,5.768992306986086e-06
0.07458073951210867,5.768291362068683e-06
0.07466981423788432,5.765000867264711e-06
0.07470163769879316,5.756697248913593e-06
0.07475817082077733,5.744856480561121e-06
0.07485039912197128,5.74121995442284e-06
0.07487045670159485,5.739889618193796e-06
0.07488484892130537,5.731920482744339e-06
0.07494755029593457,5.7301152732602545e-06
0.07510276316885293,5.728056733065272e-06
0.0751598262844365,5.72796145368964e-06
0.07516305270961228,5.727027051147691e-06
0.07517942971797784,5.7262647729365375e-06
0.07533619857638843,5.7178557108241745e-06
0.07541987016394905,5.7171213078538865e-06
0.07544988659557395,5.715692398891386e-06
0.0755191883119766,5.708926924086049e-06
0.07554160960714527,5.707165281588999e-06
0.07555708421807227,5.7068903463361246e-06
0.0755599323078859,5.706105484776545e-06
0.07556091559483456,5.705763402964737e-06
0.07556883924598883,5.704392365747113e-06
0.07558258020878587,5.694432668991367e-06
0.0755890875539819,5.68558169003385e-06
0.0757048267560972,5.674975668983348e-06
0.0759106404221598,5.674908099224346e-06
0.07607915333108,5.673613747543453e-06
0.07608623866940757,5.673355560217421e-06
0.07612587354091123,5.672600196602755e-06
0.0761267748188286,5.672440233368947e-06
0.07612728214383671,5.6640642322613405e-06
0.07619798556285977,5.661043613932267e-06
0.07626998539972336,5.659362605028107e-06
0.07632935364349687,5.6582959389712e-06
0.07634286787907642,5.657489990565034e-06
0.07646181196138942,5.654832438033859e-06
0.0764732607694061,5.648693069091699e-06
0.07650070943899531,5.644803738224709e-06
0.07655143871059442,5.640866154900909e-06
0.07660278551990003,5.638040653115229e-06
0.07662697478052644,5.6356372798313486e-06
0.07668647420981378,5.626306117159278e-06
0.0767142563760141,5.623152466596566e-06
0.07684949736313869,5.621358788277547e-06
0.07707279057502534,5.615644831034187e-06
0.07726371957967038,5.6123309961529155e-06
0.0773476730768812,5.6120601387726e-06
0.07735308309121161,5.611466250000743e-06
0.07741336547898948,5.610249963941023e-06
0.07745173930659995,5.6081565424435234e-06
0.07751134056617581,5.606295773455683e-06
0.07753778629584263,5.603831093241808e-06
0.07760561983835883,5.600485176971963e-06
0.07767697694959579,5.588144682164463e-06
0.07774049232117675,5.586741122047827e-06
0.07788146766184216,5.586489330994186e-06
0.07791208335199504,5.5862753286436295e-06
0.07791552379118452,5.584136833883554e-06
0.07799925047576994,5.5813802577012665e-06
0.07808503033028229,5.580554672820961e-06
0.07820319421997847,5.576435698328289e-06
0.0782101796467903,5.574043308795224e-06
0.07831360990913638,5.572820283229878e-06
0.07834082771083732,5.562486406719517e-06
0.07834116062114431,5.560689752144122e-06
0.07837107427738488,5.5526827850057614e-06
0.07837954723889506,5.550664831948512e-06
0.07841145525292988,5.549916703436097e-06
0.07851592490570367,5.546767971527158e-06
0.07855160766637852,5.545586952191469e-06
0.07862070696423516,5.5455493310114206e-06
0.078623336747884,5.54415401680356e-06
0.07862433988212277,5.543860160829014e-06
0.07863632536547564,5.534154863420327e-06
0.07863641999868233,5.529974647290512e-06
0.07870415158282751,5.525449402575979e-06
0.07870541677478748,5.5087528719342955e-06
0.07881736078808717,5.508282716233396e-06
0.07884454515768384,5.506848951575325e-06
0.07887654016365576,5.5025297263869025e-06
0.07889453796514677,5.499096223381807e-06
0.07891300793502391,5.494208569851934e-06
0.07902366314748023,5.4933611159936e-06
0.07903640681606626,5.493214175294086e-06
0.0790793288914815,5.492924329204794e-06
0.07913101723994234,5.491228549387745e-06
0.07915228365867982,5.4896526485729605e-06
0.07917675496940561,5.4892397898160655e-06
0.07921628897689191,5.485916661732316e-06
0.07924710471848558,5.4816592551928885e-06
0.07936527417426176,5.481367209459117e-06
0.07938034317384031,5.480528637425578e-06
0.07938740772054065,5.473600003231729e-06
0.07943367080146588,5.471420922452567e-06
0.07943538700899923,5.468407072410141e-06
0.07944526680706761,5.448089081387822e-06
0.07951807007374107,5.442143301131685e-06
0.07965745199634888,5.438328177153043e-06
0.07966961248433391,5.436402479636208e-06
0.07971528007140923,5.4352959287603695e-06
0.07974720908490976,5.435062473199126e-06
0.07981480461398824,5.4313096436434455e-06
0.07985112515193638,5.426819413631391e-06
0.07986961820541683,5.424233282540036e-06
0.0799299537290512,5.413060077753418e-06
0.07994354841179882,5.41215735582281e-06
0.08001550906328675,5.407530381700207e-06
0.08017188537969977,5.404202853858129e-06
0.08019537625230154,5.4018981896702834e-06
0.08027631599821167,5.389772711842015e-06
0.08034534608819255,5.385566770309701e-06
0.08034998419411041,5.38281532525518e-06
0.08036139434934585,5.380077581561491e-06
0.08037288006679953,5.376158319900188e-06
0.08039985718544011,5.375248848287618e-06
0.08048631461107217,5.372327580771179e-06
0.08059443340130365,5.371780233275236e-06
0.08067745352294126,5.365951509081027e-06
0.08069750227170666,5.358650095814603e-06
0.0807161594463328,5.35206068830977e-06
0.08072323403626548,5.342326306300712e-06
0.08072913032243245,5.336710014468176e-06
0.08077612398914179,5.334712083300837e-06
0.08080335412732839,5.325193564821369e-06
0.0808789012404542,5.323163259464508e-06
0.08088259768002588,5.3220932591344e-06
0.08094813093359912,5.3198207106488936e-06
0.08095775123297395,5.313594451246827e-06
0.08098294332113345,5.308845029700469e-06
0.08099275905344802,5.30567581624306e-06
0.08103075297485957,5.302500513557794e-06
0.08105976676387545,5.302109558027988e-06
0.08115788238460866,5.294927954471848e-06
0.08116159554679475,5.2936586746368625e-06
0.0812269763462023,5.292197008390677e-06
0.08123599440992928,5.281774390070532e-06
0.0812766427410338,5.276595529641065e-06
0.08145176195811712,5.273057468830622e-06
0.08153373810239403,5.269857434265787e-06
0.08158063669728524,5.267797052620561e-06
0.08162666159093228,5.259779745593999e-06
0.08166793078152022,5.255034112431797e-06
0.0816809049534848,5.252536031772024e-06
0.0816880003855324,5.248401240771467e-06
0.08172405257588551,5.24696514545931e-06
0.08176140700133122,5.243679842661034e-06
0.08179953599247511,5.231788473086685e-06
0.0818501973182303,5.230463942193712e-06
0.08189289525558276,5.230363645512516e-06
0.08198236371817734,5.223643003285729e-06
0.08207569613792669,5.221838184996076e-06
0.08222115758713366,5.213023501473675e-06
0.08225196743599315,5.2117403954829304e-06
0.08226602881795816,5.195657144046608e-06
0.08239689005438935,5.1940162274768375e-06
0.08249176696521959,5.1882384655460955e-06
0.08249328537542083,5.187513479677325e-06
0.08249945904009948,5.182315252086074e-06
0.0825394784479719,5.1786359060289764e-06
0.08254414279221903,5.1741058403007265e-06
0.0826145549834806,5.172332479484602e-06
0.08261946695891154,5.17127802542372e-06
0.08262796133350739,5.1705916050844475e-06
0.08267908551915769,5.165715341805325e-06
0.08282327588502325,5.162248976494237e-06
0.08287332614870718,5.1613357546383705e-06
0.08287375292145506,5.159249536709423e-06
0.08290070845877168,5.150509274400039e-06
0.08309178206670494,5.149450738293535e-06
0.08312682802517216,5.148803380820686e-06
0.08314077060744716,5.14208260492893e-06
0.0831598653859547,5.139925767000463e-06
0.08322673709529639,5.137880645686047e-06
0.0833312277345004,5.135231874685002e-06
0.08334543457224242,5.129452824780565e-06
0.08341544806577074,5.124912828514092e-06
0.08341767399101863,5.122499588446368e-06
0.08342782911477391,5.121984595042641e-06
0.08344779981251367,5.120127606593702e-06
0.0834945363475827,5.1187410555487556e-06
0.0835025420589031,5.109459633022886e-06
0.08356495691117143,5.1081101680084905e-06
0.08359229806090346,5.105787212928779e-06
0.08372281051709991,5.104893386563128e-06
0.08375844280661454,5.104146949476416e-06
0.08376962009472624,5.1018335428990636e-06
0.08380798856996934,5.092824141954021e-06
0.08385884784067744,5.090658318796495e-06
0.08405122814311092,5.085074084504233e-06
0.08405661861372583,5.0820491554242325e-06
0.08413522768925145,5.081932915092342e-06
0.08414675651998418,5.078856206176407e-06
0.08415346439871907,5.074039182751308e-06
0.08415428674768732,5.053589766728632e-06
0.08415772560060836,5.045830253445423e-06
0.08417966987023938,5.023149220229691e-06
0.08427210856324407,5.022713857749806e-06
0.08428694750404025,5.021242133474173e-06
0.0842903099412488,5.013525552914982e-06
0.08430606732405904,5.005205909581238e-06
0.08435140800377548,5.002487834959601e-06
0.08444486121448051,5.00066980850811e-06
0.08452387318567224,4.9906099789237814e-06
0.08461551793069506,4.981296559595611e-06
0.08465792946495795,4.9809301546584715e-06
0.08466102112506857,4.976207360463261e-06
0.08467250690873164,4.9729490393764434e-06
0.0846792397370163,4.97187316875441e-06
0.08474550989140477,4.968803879147907e-06
0.08477219883588656,4.966021753123521e-06
0.08477689544241239,4.9553479005718314e-06
0.08481258564928051,4.950735674837725e-06
0.0849759283722644,4.947687381082298e-06
0.08499068327349213,4.947164650344883e-06
0.08503164934742485,4.943767475419967e-06
0.085044025801835,4.939604439356363e-06
0.08506316105270828,4.938586717342744e-06
0.08517513570921194,4.9308756308877214e-06
0.08521032148281177,4.929056693935413e-06
0.08540987230223476,4.9169032198597895e-06
0.08542241248412097,4.916362764545668e-06
0.08542339067409879,4.9133173663458475e-06
0.08543625697805458,4.904711683132458e-06
0.08545523547477048,4.897296966200885e-06
0.08548443972145678,4.886678592528861e-06
0.08551383256468063,4.878756387878758e-06
0.08551630021719324,4.877155842933571e-06
0.08552045603831505,4.876156701680278e-06
0.08552212440801966,4.875550246044596e-06
0.0855386125808801,4.875461415673369e-06
0.08569046439914765,4.8687659512921405e-06
0.08571129418631065,4.86384347821693e-06
0.08574486242248161,4.852797075654487e-06
0.08584409396583212,4.843566030328941e-06
0.08584946023866995,4.839174803488928e-06
0.0858587411783036,4.8368355450476775e-06
0.08596020391208452,4.835873745964494e-06
0.08600630727326856,4.830093403926503e-06
0.08617015513051679,4.829137045472583e-06
0.08625011761018817,4.808986462474946e-06
0.08629297716524456,4.808323545233318e-06
0.08642054039187816,4.805019703557312e-06
0.08653283029684265,4.797236114555973e-06
0.08663363628984119,4.7940002654314335e-06
0.0866953964307719,4.776817819445261e-06
0.08670304130388519,4.769723020561982e-06
0.08678657751064879,4.76120682036929e-06
0.08684561543435976,4.758078114794022e-06
0.08686684230986964,4.750627068374239e-06
0.08687491256813606,4.712865430419708e-06
0.08689411415493432,4.709119357881851e-06
0.08698850046817483,4.705982319681393e-06
0.08702514233928957,4.703865231294417e-06
0.08712947928084266,4.693342136951145e-06
0.0872115414018113,4.691931340834472e-06
0.0872336458314524,4.680601346448503e-06
0.08723565969108953,4.672848460260081e-06
0.08732678482560716,4.67196064638741e-06
0.08733962880854282,4.670010398059891e-06
0.0874022185966502,4.659279812243447e-06
0.087434497895643,4.657754166525939e-06
0.0875026783714891,4.643583782497576e-06
0.08756702395970749,4.640890638072235e-06
0.08766709685408347,4.613575449869427e-06
0.08767747176495831,4.6101989606371e-06
0.08768070503961106,4.609896002694483e-06
0.08774378642515201,4.608960221013652e-06
0.08777629402305279,4.607034729612315e-06
0.08779326265468675,4.604809846511869e-06
0.08783944118240349,4.604281572504814e-06
0.0878860774064608,4.604165233597143e-06
0.08802582054597999,4.598570597544607e-06
0.08816505172229791,4.576314090883138e-06
0.08830847018175925,4.574482739420849e-06
0.08834329025482744,4.564150206832998e-06
0.08839321474231658,4.562247797444608e-06
0.08843375337231567,4.562061731427088e-06
0.08844867888890641,4.538979635324572e-06
0.08847161588031725,4.538541146924747e-06
0.08847680534631665,4.535179828431111e-06
0.08847968036954669,4.533583752905749e-06
0.08853716732364857,4.532970776073728e-06
0.08855953063345674,4.5322162332915e-06
0.08858836415538744,4.53088572858738e-06
0.08863642711457397,4.529998428514337e-06
0.08865302074354613,4.528312845687023e-06
0.08865444179774533,4.523225467227775e-06
0.08898916067787417,4.51507350854485e-06
0.0890695441156128,4.507555380991388e-06
0.08907295453730882,4.5060063187158775e-06
0.08913465969541016,4.49834524651691e-06
0.08923202016885438,4.497771785556351e-06
0.08924662225704341,4.488548125556812e-06
0.08926039201972616,4.486388849509222e-06
0.08933646927208833,4.475435835417484e-06
0.08938709389904469,4.470015369009855e-06
0.0893920098188725,4.468297064166873e-06
0.08946014945515647,4.461834122035863e-06
0.08948498347162699,4.449525000128323e-06
0.08949263331968663,4.447633891230531e-06
0.08949399931371498,4.446163160877672e-06
0.08959182429962419,4.438566763655381e-06
0.08959691153225915,4.437839496474762e-06
0.0896337339196303,4.435140682473855e-06
0.08967460208573821,4.431856645919954e-06
0.08967902034593458,4.429351154877319e-06
0.08969633633808656,4.424733854092989e-06
0.08970579488795519,4.4231481261936465e-06
0.08973030229928666,4.422556851109344e-06
0.08975028869050265,4.420055907192682e-06
0.08986940422461495,4.412866672330769e-06
0.08990907834168844,4.4087254769655976e-06
0.08993786891719893,4.4027229389583206e-06
0.08998222019544086,4.40078852901739e-06
0.09003737991876806,4.4001260982528055e-06
0.09007628273257653,4.394757141538324e-06
0.09014685713228424,4.391540972648504e-06
0.09018422919532805,4.387962163843595e-06
0.0901884785265156,4.387253471672985e-06
0.09024332825480758,4.385805465194504e-06
0.0903265496560888,4.383520063887054e-06
0.09033411021228564,4.381409763174096e-06
0.09036588724457358,4.368249198253203e-06
0.09045846007557212,4.366087367922485e-06
0.09046493463804044,4.363277514911517e-06
0.09047896703849771,4.3626582925032855e-06
0.0904946928593313,4.359220534444931e-06
0.09053484017390004,4.358827053270391e-06
0.09053713805264421,4.357478612056606e-06
0.09064514994834416,4.351377909486862e-06
0.09065362517074184,4.350773155538466e-06
0.09069955369966234,4.344362472430726e-06
0.09071218128727007,4.341159280511676e-06
0.09072520399118544,4.3398663662496095e-06
0.09077613984540794,4.338911565715622e-06
0.09078398718558621,4.336333612380375e-06
0.09082836334748384,4.334960157215895e-06
0.09083631007735385,4.330560603547734e-06
0.0909254688044425,4.322585440243084e-06
0.09093759068902789,4.318809797321793e-06
0.09094544531737363,4.318504890520196e-06
0.09112184192648794,4.318198843270762e-06
0.09112483998722147,4.317326563265347e-06
0.0911593443168754,4.304152883079289e-06
0.09116321428684107,4.301063587309189e-06
0.09124934434654539,4.300267119497137e-06
0.09133078860255997,4.297702244391999e-06
0.09135737980711153,4.297102900887122e-06
0.09139500255372333,4.295399650676375e-06
0.09140053004540363,4.292174243279864e-06
0.0914959659845941,4.291746265429108e-06
0.09149931403608613,4.288857864942498e-06
0.09156231702009586,4.288293669516842e-06
0.09156905344732298,4.286382113489512e-06
0.09157732214652747,4.284308739902528e-06
0.09163904442711557,4.282396036411913e-06
0.0916440674391022,4.2741458849461945e-06
0.09171295805722207,4.274012148105765e-06
0.09171751309325307,4.265012507137595e-06
0.09181296636797427,4.2624186709057055e-06
0.09191871280328583,4.261844296643303e-06
0.09192319293640981,4.256594175199868e-06
0.09193207995604709,4.252220082425587e-06
0.09201755917736028,4.249815888536455e-06
0.09203046802673484,4.247640238962e-06
0.09214970559899786,4.245053480305615e-06
0.09237646789169233,4.240892662407766e-06
0.09241555806910377,4.235599436212328e-06
0.09249219269215873,4.233005383742542e-06
0.0924960148454816,4.232716263492876e-06
0.09250153937296891,4.222004290018528e-06
0.09263003334188008,4.220975888947072e-06
0.09263591574928041,4.219397830805964e-06
0.09264023116073099,4.215726833829219e-06
0.09264141931534699,4.213719464848359e-06
0.09288822388979422,4.208080011719391e-06
0.09291648000074208,4.207447807692302e-06
0.09308518829596542,4.206723213982372e-06
0.09316503365841963,4.203780692687788e-06
0.09317834817685773,4.202923729013107e-06
0.09320077939193265,4.2013300400503735e-06
0.09323175744179439,4.199931380403345e-06
0.09328151586961755,4.196607182098416e-06
0.09339457439865508,4.196499813362466e-06
0.09343939176213475,4.1880881719091325e-06
0.09347890560003773,4.187441361854134e-06
0.09350137735911129,4.1865865780364505e-06
0.09351982937717696,4.18367083851405e-06
0.09354452671067741,4.1831537353066425e-06
0.09357275628986877,4.180057763239649e-06
0.093736543283189,4.179206704492429e-06
0.0937984900184262,4.178683362853188e-06
0.09387172025826133,4.177408283733523e-06
0.09396521736565075,4.174993286588919e-06
0.09409810994374336,4.17499138861257e-06
0.09411511411412819,4.169592260713298e-06
0.0941383514467844,4.168190741568448e-06
0.09421637941470835,4.165068946756767e-06
0.09427209120760759,4.1634987607462875e-06
0.09440259769883033,4.162026342936484e-06
0.0944653666103214,4.152081550596278e-06
0.09449674520499445,4.149813732421587e-06
0.09453409736426774,4.147941677333816e-06
0.09454027975826422,4.147768364935932e-06
0.09454743404688253,4.143394023836586e-06
0.09456950511998749,4.141422440801987e-06
0.09458591289795329,4.140669071713492e-06
0.09462617150260073,4.136919241395671e-06
0.09464220521802022,4.133214538035185e-06
0.09471905140794096,4.131266238145439e-06
0.09473326106036045,4.13117539968204e-06
0.09476287142038388,4.1304883690373255e-06
0.09482724530846512,4.127991851025414e-06
0.09485727492250155,4.124117618321535e-06
0.09506836090951674,4.123300600215659e-06
0.09516896984834486,4.1183862341238905e-06
0.09518033524674324,4.118236420189018e-06
0.0952088293202918,4.11420820798661e-06
0.09520895298588107,4.1142005223032026e-06
0.0952237767984415,4.113486422812769e-06
0.09524180695951355,4.111592162524533e-06
0.09525898868972787,4.111358264311141e-06
0.09527541893327206,4.111157493288199e-06
0.09528486123849389,4.110766257129745e-06
0.09537924702794147,4.100505414578441e-06
0.0954376413299804,4.095516902325983e-06
0.09544263996810659,4.0954860621971525e-06
0.09545685664639993,4.095119196218452e-06
0.09549634274305104,4.093539287813454e-06
0.09549871838819214,4.092400705963773e-06
0.09549926326309524,4.091003357005432e-06
0.09558230217641493,4.0907279367833405e-06
0.09568001775074958,4.089643565108993e-06
0.09569618240108661,4.086458950570245e-06
0.09580610775810301,4.08340634826391e-06
0.09583688337145137,4.082432014389399e-06
0.09588590140947517,4.0803111274542375e-06
0.09601082060198952,4.076976114725416e-06
0.09604609644754449,4.071848657524273e-06
0.0960517009860215,4.070760325376159e-06
0.09608015403857642,4.0672656147687646e-06
0.09612012125107293,4.06288452289838e-06
0.09616453321536657,4.062013089491294e-06
0.09625829815833761,4.0507383095655715e-06
0.09634656746976886,4.0505047057237685e-06
0.09635251664202826,4.049055646102547e-06
0.09638977808872046,4.048860206921012e-06
0.0964158127564599,4.047392249507848e-06
0.09651472543770466,4.047358736951569e-06
0.09652690455019076,4.046970326517865e-06
0.0965820241611345,4.044841989553072e-06
0.09659654809950795,4.034589701582845e-06
0.09668864935998112,4.034103229890192e-06
0.09669956726893855,4.033824163903614e-06
0.0967520046353395,4.0334802606605565e-06
0.09681261649012776,4.031722001341693e-06
0.0968258283979381,4.031578675555098e-06
0.09686074768450254,4.031384316622177e-06
0.09686859773600005,4.028032453703719e-06
0.09688054909794837,4.028015725728901e-06
0.09693291568007467,4.026544430974979e-06
0.09697267286928446,4.0241429810854835e-06
0.09704793041587526,4.020665785070139e-06
0.0970756066456506,4.017512632884907e-06
0.09740080529039367,4.015244619603323e-06
0.09741816008741884,4.013993315270564e-06
0.09746543602122175,4.008220302585622e-06
0.0974730529732743,4.007814197139834e-06
0.0975719615476475,4.006770593254566e-06
0.09757558731725496,4.003670574616433e-06
0.09770580301784641,3.997505667870284e-06
0.09773977700791307,3.996804774501845e-06
0.09778840565245996,3.9945353197982e-06
0.0978929418654427,3.98165985446202e-06
0.09800648665826332,3.979155420309993e-06
0.09801436390005795,3.974839356761451e-06
0.09804151146133354,3.970381387798077e-06
0.09809965691676072,3.9694502205968805e-06
0.09815979729011316,3.967795960465184e-06
0.0982232747232534,3.965255991728112e-06
0.0982234889827487,3.957655452793441e-06
0.09823156680859321,3.951465887664588e-06
0.09823271847955697,3.948813010189608e-06
0.09824195281850871,3.947504754426868e-06
0.0982657853215777,3.9130586563592316e-06
0.09830444969346956,3.905856555702206e-06
0.09837145819431775,3.905389772331796e-06
0.09852381774377378,3.892938531416371e-06
0.09855404889417167,3.8881748449550476e-06
0.09868420597817813,3.878448421016527e-06
0.09870638651463813,3.839295343634189e-06
0.09873416132188302,3.83143307791348e-06
0.09876928140606635,3.8231835469514555e-06
0.09883263478037689,3.8093505051057354e-06
0.09888177163864613,3.803413339801068e-06
0.09889932735540442,3.7775236143637754e-06
0.09892339317280963,3.7338391797583084e-06
0.09896518116847638,3.7155946850823284e-06
0.09898159616486786,3.708332648970921e-06
0.0989828895573599,3.691744283743919e-06
0.09900654252974456,3.677782894462343e-06
0.09905455085779152,3.670074571422337e-06
0.0990883237564917,3.644267562883615e-06
0.09913521318295546,3.639782326771482e-06
0.09920810332340697,3.62029955789533e-06
0.099239083548137,3.617391393401998e-06
0.09929419567490584,3.6151352943096556e-06
0.09930456313238338,3.6060171062955928e-06
0.0993368029718662,3.598594811252898e-06
0.09945383499557434,3.5916712416324046e-06
0.09950228324020376,3.5470514415953115e-06
0.09952649990762569,3.525989001885113e-06
0.0996002568124423,3.512038553437421e-06
0.09960631994034029,3.3408325894086157e-06
0.09980835151744792,3.232327885969774e-06
0.09983218425802233,3.157024765071514e-06
0.0999454490818866,2.841801340859255e-06
